{
    "algorithm_results": [
        {
            "algorithm_name": "Greedy_Time",
            "evaluation_result": {
                "computation_time": 0.3063459,
                "cost_score": 0.675561911507771,
                "coverage_score": 1.2,
                "detailed_metrics": {
                    "normalized_scores": {
                        "cost": 0.675561911507771,
                        "coverage": 1.2,
                        "difference": 1.0,
                        "resources": 2.0709441836202402,
                        "time": 0.7320406038521604
                    },
                    "raw_metrics": {
                        "covered_targets": 68,
                        "difference": 0.0,
                        "max_completion_time": 0.6660444444444444,
                        "resource_utilization_rate": 0.38287153652392947,
                        "total_cost": 240.1246154983213,
                        "total_targets": 68,
                        "tour_count": 304
                    }
                },
                "feasibility_score": 0.0,
                "is_feasible": true,
                "resource_score": 2.0709441836202402,
                "time_score": 0.7320406038521604,
                "total_score": 1.0305232433503484
            },
            "ranking_score": 1.0305232433503484
        },
        {
            "algorithm_name": "Greedy_Cost",
            "evaluation_result": {
                "computation_time": 0.306714,
                "cost_score": 0.7748598610246009,
                "coverage_score": 1.2,
                "detailed_metrics": {
                    "normalized_scores": {
                        "cost": 0.7748598610246009,
                        "coverage": 1.2,
                        "difference": 1.0,
                        "resources": 2.0709441836202402,
                        "time": 0.7320406038521604
                    },
                    "raw_metrics": {
                        "covered_targets": 68,
                        "difference": 0.0,
                        "max_completion_time": 0.6660444444444444,
                        "resource_utilization_rate": 0.38287153652392947,
                        "total_cost": 145.2779723792217,
                        "total_targets": 68,
                        "tour_count": 304
                    }
                },
                "feasibility_score": 0.0,
                "is_feasible": true,
                "resource_score": 2.0709441836202402,
                "time_score": 0.7320406038521604,
                "total_score": 1.0702424231570804
            },
            "ranking_score": 1.0702424231570804
        },
        {
            "algorithm_name": "Greedy_Difference",
            "evaluation_result": {
                "computation_time": 0.0,
                "cost_score": 0.0,
                "coverage_score": 0.0,
                "detailed_metrics": null,
                "feasibility_score": 0.0,
                "is_feasible": false,
                "resource_score": 0.0,
                "time_score": 0.0,
                "total_score": 0.0
            },
            "ranking_score": 0.0
        },
        {
            "algorithm_name": "NSGAII",
            "evaluation_result": {
                "computation_time": 5.4575101,
                "cost_score": 0.6794309917807899,
                "coverage_score": 1.2,
                "detailed_metrics": {
                    "normalized_scores": {
                        "cost": 0.6794309917807899,
                        "coverage": 1.2,
                        "difference": 1.0,
                        "resources": 2.0818038804404826,
                        "time": 0.6938040099736995
                    },
                    "raw_metrics": {
                        "covered_targets": 68,
                        "difference": 0.0,
                        "max_completion_time": 0.7413292307692307,
                        "resource_utilization_rate": 0.380352644836272,
                        "total_cost": 235.90990998143775,
                        "total_targets": 68,
                        "tour_count": 302
                    }
                },
                "feasibility_score": 0.0,
                "is_feasible": false,
                "resource_score": 2.0818038804404826,
                "time_score": 0.6938040099736995,
                "total_score": 0.0
            },
            "ranking_score": 0.0
        },
        {
            "algorithm_name": "Exact_Time",
            "evaluation_result": {
                "computation_time": 0.0,
                "cost_score": 0.0,
                "coverage_score": 0.0,
                "detailed_metrics": null,
                "feasibility_score": 0.0,
                "is_feasible": false,
                "resource_score": 0.0,
                "time_score": 0.0,
                "total_score": 0.0
            },
            "ranking_score": 0.0
        },
        {
            "algorithm_name": "Exact_Cost",
            "evaluation_result": {
                "computation_time": 0.0,
                "cost_score": 0.0,
                "coverage_score": 0.0,
                "detailed_metrics": null,
                "feasibility_score": 0.0,
                "is_feasible": false,
                "resource_score": 0.0,
                "time_score": 0.0,
                "total_score": 0.0
            },
            "ranking_score": 0.0
        }
    ],
    "decision_preference": 1.0,
    "scenario_name": "scenario_13_T68_R794",
    "statistics": {
        "counts": {
            "acceptable_solution_count": 2,
            "cost_optimal_count": 1,
            "coverage_optimal_count": 2,
            "fast_solution_count": 2,
            "feasible_algorithms": 2,
            "time_optimal_count": 2,
            "total_algorithms": 6
        },
        "optimal_algorithms": {
            "cost_optimal": [
                "Greedy_Cost"
            ],
            "coverage_optimal": [
                "Greedy_Time",
                "Greedy_Cost"
            ],
            "time_optimal": [
                "Greedy_Time",
                "Greedy_Cost"
            ]
        },
        "performance_algorithms": {
            "acceptable_solutions_5s_gap5": [
                "Greedy_Time",
                "Greedy_Cost"
            ],
            "fast_solutions_1s": [
                "Greedy_Time",
                "Greedy_Cost"
            ]
        }
    },
    "timestamp": 17695003364737079,
    "total_resources": 794,
    "total_targets": 68
}