{
    "algorithm_results": [
        {
            "algorithm_name": "Greedy_Time",
            "evaluation_result": {
                "computation_time": 0.2181591,
                "cost_score": 0.709757047806712,
                "coverage_score": 1.2,
                "detailed_metrics": {
                    "normalized_scores": {
                        "cost": 0.709757047806712,
                        "coverage": 1.2,
                        "difference": 1.0,
                        "resources": 2.0411985018726595,
                        "time": 0.7143083907425632
                    },
                    "raw_metrics": {
                        "covered_targets": 56,
                        "difference": 0.0,
                        "max_completion_time": 0.6999555555555556,
                        "resource_utilization_rate": 0.38990825688073394,
                        "total_cost": 204.46641078816722,
                        "total_targets": 56,
                        "tour_count": 255
                    }
                },
                "feasibility_score": 0.0,
                "is_feasible": true,
                "resource_score": 2.0411985018726595,
                "time_score": 0.7143083907425632,
                "total_score": 1.04059134411817
            },
            "ranking_score": 1.04059134411817
        },
        {
            "algorithm_name": "Greedy_Cost",
            "evaluation_result": {
                "computation_time": 0.2187277,
                "cost_score": 0.7980314447594034,
                "coverage_score": 1.2,
                "detailed_metrics": {
                    "normalized_scores": {
                        "cost": 0.7980314447594034,
                        "coverage": 1.2,
                        "difference": 1.0,
                        "resources": 2.0411985018726595,
                        "time": 0.7143083907425632
                    },
                    "raw_metrics": {
                        "covered_targets": 56,
                        "difference": 0.0,
                        "max_completion_time": 0.6999555555555556,
                        "resource_utilization_rate": 0.38990825688073394,
                        "total_cost": 126.5417275014067,
                        "total_targets": 56,
                        "tour_count": 255
                    }
                },
                "feasibility_score": 0.0,
                "is_feasible": true,
                "resource_score": 2.0411985018726595,
                "time_score": 0.7143083907425632,
                "total_score": 1.0538325036610736
            },
            "ranking_score": 1.0538325036610736
        },
        {
            "algorithm_name": "Greedy_Difference",
            "evaluation_result": {
                "computation_time": 0.0,
                "cost_score": 0.0,
                "coverage_score": 0.0,
                "detailed_metrics": null,
                "feasibility_score": 0.0,
                "is_feasible": false,
                "resource_score": 0.0,
                "time_score": 0.0,
                "total_score": 0.0
            },
            "ranking_score": 0.0
        },
        {
            "algorithm_name": "NSGAII",
            "evaluation_result": {
                "computation_time": 4.0844833,
                "cost_score": 0.7980314447594034,
                "coverage_score": 1.2,
                "detailed_metrics": {
                    "normalized_scores": {
                        "cost": 0.7980314447594034,
                        "coverage": 1.2,
                        "difference": 1.0,
                        "resources": 2.0411985018726595,
                        "time": 0.7143083907425632
                    },
                    "raw_metrics": {
                        "covered_targets": 56,
                        "difference": 0.0,
                        "max_completion_time": 0.6999555555555556,
                        "resource_utilization_rate": 0.38990825688073394,
                        "total_cost": 126.5417275014067,
                        "total_targets": 56,
                        "tour_count": 255
                    }
                },
                "feasibility_score": 0.0,
                "is_feasible": true,
                "resource_score": 2.0411985018726595,
                "time_score": 0.7143083907425632,
                "total_score": 1.0538325036610736
            },
            "ranking_score": 1.0538325036610736
        },
        {
            "algorithm_name": "Exact_Time",
            "evaluation_result": {
                "computation_time": 0.0,
                "cost_score": 0.0,
                "coverage_score": 0.0,
                "detailed_metrics": null,
                "feasibility_score": 0.0,
                "is_feasible": false,
                "resource_score": 0.0,
                "time_score": 0.0,
                "total_score": 0.0
            },
            "ranking_score": 0.0
        },
        {
            "algorithm_name": "Exact_Cost",
            "evaluation_result": {
                "computation_time": 0.0,
                "cost_score": 0.0,
                "coverage_score": 0.0,
                "detailed_metrics": null,
                "feasibility_score": 0.0,
                "is_feasible": false,
                "resource_score": 0.0,
                "time_score": 0.0,
                "total_score": 0.0
            },
            "ranking_score": 0.0
        }
    ],
    "decision_preference": 0.0,
    "scenario_name": "scenario_138_T56_R654",
    "statistics": {
        "counts": {
            "acceptable_solution_count": 3,
            "cost_optimal_count": 2,
            "coverage_optimal_count": 3,
            "fast_solution_count": 2,
            "feasible_algorithms": 3,
            "time_optimal_count": 3,
            "total_algorithms": 6
        },
        "optimal_algorithms": {
            "cost_optimal": [
                "Greedy_Cost",
                "NSGAII"
            ],
            "coverage_optimal": [
                "Greedy_Time",
                "Greedy_Cost",
                "NSGAII"
            ],
            "time_optimal": [
                "Greedy_Time",
                "Greedy_Cost",
                "NSGAII"
            ]
        },
        "performance_algorithms": {
            "acceptable_solutions_5s_gap5": [
                "Greedy_Time",
                "Greedy_Cost",
                "NSGAII"
            ],
            "fast_solutions_1s": [
                "Greedy_Time",
                "Greedy_Cost"
            ]
        }
    },
    "timestamp": 17695003316290560,
    "total_resources": 654,
    "total_targets": 56
}