{
    "algorithm_results": [
        {
            "algorithm_name": "Greedy_Time",
            "evaluation_result": {
                "computation_time": 0.3818341,
                "cost_score": 0.6470123115268358,
                "coverage_score": 1.2,
                "detailed_metrics": {
                    "normalized_scores": {
                        "cost": 0.6470123115268358,
                        "coverage": 1.2,
                        "difference": 1.0,
                        "resources": 1.941747572815534,
                        "time": 0.6565456507133368
                    },
                    "raw_metrics": {
                        "covered_targets": 72,
                        "difference": 0.0,
                        "max_completion_time": 0.8231233333333333,
                        "resource_utilization_rate": 0.415,
                        "total_cost": 272.7828220456693,
                        "total_targets": 72,
                        "tour_count": 332
                    }
                },
                "feasibility_score": 0.0,
                "is_feasible": true,
                "resource_score": 1.941747572815534,
                "time_score": 0.6565456507133368,
                "total_score": 0.9986342469636215
            },
            "ranking_score": 0.9986342469636215
        },
        {
            "algorithm_name": "Greedy_Cost",
            "evaluation_result": {
                "computation_time": 0.3437561,
                "cost_score": 0.7393639903347916,
                "coverage_score": 1.2,
                "detailed_metrics": {
                    "normalized_scores": {
                        "cost": 0.7393639903347916,
                        "coverage": 1.2,
                        "difference": 1.0,
                        "resources": 1.941747572815534,
                        "time": 0.5849670100680548
                    },
                    "raw_metrics": {
                        "covered_targets": 72,
                        "difference": 0.0,
                        "max_completion_time": 1.0094981132075471,
                        "resource_utilization_rate": 0.415,
                        "total_cost": 176.25689989797152,
                        "total_targets": 72,
                        "tour_count": 332
                    }
                },
                "feasibility_score": 0.0,
                "is_feasible": true,
                "resource_score": 1.941747572815534,
                "time_score": 0.5849670100680548,
                "total_score": 1.0284170544222755
            },
            "ranking_score": 1.0284170544222755
        },
        {
            "algorithm_name": "Greedy_Difference",
            "evaluation_result": {
                "computation_time": 0.0,
                "cost_score": 0.0,
                "coverage_score": 0.0,
                "detailed_metrics": null,
                "feasibility_score": 0.0,
                "is_feasible": false,
                "resource_score": 0.0,
                "time_score": 0.0,
                "total_score": 0.0
            },
            "ranking_score": 0.0
        },
        {
            "algorithm_name": "NSGAII",
            "evaluation_result": {
                "computation_time": 5.9497495,
                "cost_score": 0.7393639903347916,
                "coverage_score": 1.2,
                "detailed_metrics": {
                    "normalized_scores": {
                        "cost": 0.7393639903347916,
                        "coverage": 1.2,
                        "difference": 1.0,
                        "resources": 1.941747572815534,
                        "time": 0.5849670100680548
                    },
                    "raw_metrics": {
                        "covered_targets": 72,
                        "difference": 0.0,
                        "max_completion_time": 1.0094981132075471,
                        "resource_utilization_rate": 0.415,
                        "total_cost": 176.25689989797152,
                        "total_targets": 72,
                        "tour_count": 332
                    }
                },
                "feasibility_score": 0.0,
                "is_feasible": false,
                "resource_score": 1.941747572815534,
                "time_score": 0.5849670100680548,
                "total_score": 0.0
            },
            "ranking_score": 0.0
        },
        {
            "algorithm_name": "Exact_Time",
            "evaluation_result": {
                "computation_time": 0.0,
                "cost_score": 0.0,
                "coverage_score": 0.0,
                "detailed_metrics": null,
                "feasibility_score": 0.0,
                "is_feasible": false,
                "resource_score": 0.0,
                "time_score": 0.0,
                "total_score": 0.0
            },
            "ranking_score": 0.0
        },
        {
            "algorithm_name": "Exact_Cost",
            "evaluation_result": {
                "computation_time": 0.0,
                "cost_score": 0.0,
                "coverage_score": 0.0,
                "detailed_metrics": null,
                "feasibility_score": 0.0,
                "is_feasible": false,
                "resource_score": 0.0,
                "time_score": 0.0,
                "total_score": 0.0
            },
            "ranking_score": 0.0
        }
    ],
    "decision_preference": 1.0,
    "scenario_name": "scenario_169_T72_R800",
    "statistics": {
        "counts": {
            "acceptable_solution_count": 2,
            "cost_optimal_count": 1,
            "coverage_optimal_count": 2,
            "fast_solution_count": 2,
            "feasible_algorithms": 2,
            "time_optimal_count": 1,
            "total_algorithms": 6
        },
        "optimal_algorithms": {
            "cost_optimal": [
                "Greedy_Cost"
            ],
            "coverage_optimal": [
                "Greedy_Time",
                "Greedy_Cost"
            ],
            "time_optimal": [
                "Greedy_Time"
            ]
        },
        "performance_algorithms": {
            "acceptable_solutions_5s_gap5": [
                "Greedy_Time",
                "Greedy_Cost"
            ],
            "fast_solutions_1s": [
                "Greedy_Time",
                "Greedy_Cost"
            ]
        }
    },
    "timestamp": 17695004251286642,
    "total_resources": 800,
    "total_targets": 72
}