{
    "algorithm_results": [
        {
            "algorithm_name": "Greedy_Time",
            "evaluation_result": {
                "computation_time": 0.2343882,
                "cost_score": 0.690264966360024,
                "coverage_score": 1.2,
                "detailed_metrics": {
                    "normalized_scores": {
                        "cost": 0.690264966360024,
                        "coverage": 1.2,
                        "difference": 1.0,
                        "resources": 2.0431361119207225,
                        "time": 0.7262907734877674
                    },
                    "raw_metrics": {
                        "covered_targets": 60,
                        "difference": 0.0,
                        "max_completion_time": 0.6768590163934427,
                        "resource_utilization_rate": 0.38944365192582026,
                        "total_cost": 224.359520426846,
                        "total_targets": 60,
                        "tour_count": 273
                    }
                },
                "feasibility_score": 0.0,
                "is_feasible": true,
                "resource_score": 2.0431361119207225,
                "time_score": 0.7262907734877674,
                "total_score": 1.0420551268667944
            },
            "ranking_score": 1.0420551268667944
        },
        {
            "algorithm_name": "Greedy_Cost",
            "evaluation_result": {
                "computation_time": 0.2324454,
                "cost_score": 0.7769183984176463,
                "coverage_score": 1.2,
                "detailed_metrics": {
                    "normalized_scores": {
                        "cost": 0.7769183984176463,
                        "coverage": 1.2,
                        "difference": 1.0,
                        "resources": 2.0431361119207225,
                        "time": 0.7145529756584281
                    },
                    "raw_metrics": {
                        "covered_targets": 60,
                        "difference": 0.0,
                        "max_completion_time": 0.6994763636363637,
                        "resource_utilization_rate": 0.38944365192582026,
                        "total_cost": 143.5682318997111,
                        "total_targets": 60,
                        "tour_count": 273
                    }
                },
                "feasibility_score": 0.0,
                "is_feasible": true,
                "resource_score": 2.0431361119207225,
                "time_score": 0.7145529756584281,
                "total_score": 1.050944912435169
            },
            "ranking_score": 1.050944912435169
        },
        {
            "algorithm_name": "Greedy_Difference",
            "evaluation_result": {
                "computation_time": 0.0,
                "cost_score": 0.0,
                "coverage_score": 0.0,
                "detailed_metrics": null,
                "feasibility_score": 0.0,
                "is_feasible": false,
                "resource_score": 0.0,
                "time_score": 0.0,
                "total_score": 0.0
            },
            "ranking_score": 0.0
        },
        {
            "algorithm_name": "NSGAII",
            "evaluation_result": {
                "computation_time": 4.3063682,
                "cost_score": 0.7687977275439127,
                "coverage_score": 1.2,
                "detailed_metrics": {
                    "normalized_scores": {
                        "cost": 0.7687977275439127,
                        "coverage": 1.2,
                        "difference": 1.0,
                        "resources": 2.0491084478222743,
                        "time": 0.5232383219747014
                    },
                    "raw_metrics": {
                        "covered_targets": 60,
                        "difference": 0.0,
                        "max_completion_time": 1.211175,
                        "resource_utilization_rate": 0.3880171184022825,
                        "total_cost": 150.36612633775076,
                        "total_targets": 60,
                        "tour_count": 272
                    }
                },
                "feasibility_score": 0.0,
                "is_feasible": true,
                "resource_score": 2.0491084478222743,
                "time_score": 0.5232383219747014,
                "total_score": 0.9833639166049598
            },
            "ranking_score": 0.9833639166049598
        },
        {
            "algorithm_name": "Exact_Time",
            "evaluation_result": {
                "computation_time": 0.0,
                "cost_score": 0.0,
                "coverage_score": 0.0,
                "detailed_metrics": null,
                "feasibility_score": 0.0,
                "is_feasible": false,
                "resource_score": 0.0,
                "time_score": 0.0,
                "total_score": 0.0
            },
            "ranking_score": 0.0
        },
        {
            "algorithm_name": "Exact_Cost",
            "evaluation_result": {
                "computation_time": 0.0,
                "cost_score": 0.0,
                "coverage_score": 0.0,
                "detailed_metrics": null,
                "feasibility_score": 0.0,
                "is_feasible": false,
                "resource_score": 0.0,
                "time_score": 0.0,
                "total_score": 0.0
            },
            "ranking_score": 0.0
        }
    ],
    "decision_preference": 0.0,
    "scenario_name": "scenario_185_T60_R701",
    "statistics": {
        "counts": {
            "acceptable_solution_count": 2,
            "cost_optimal_count": 2,
            "coverage_optimal_count": 3,
            "fast_solution_count": 2,
            "feasible_algorithms": 3,
            "time_optimal_count": 2,
            "total_algorithms": 6
        },
        "optimal_algorithms": {
            "cost_optimal": [
                "Greedy_Cost",
                "NSGAII"
            ],
            "coverage_optimal": [
                "Greedy_Time",
                "Greedy_Cost",
                "NSGAII"
            ],
            "time_optimal": [
                "Greedy_Time",
                "Greedy_Cost"
            ]
        },
        "performance_algorithms": {
            "acceptable_solutions_5s_gap5": [
                "Greedy_Time",
                "Greedy_Cost"
            ],
            "fast_solutions_1s": [
                "Greedy_Time",
                "Greedy_Cost"
            ]
        }
    },
    "timestamp": 17695004708675470,
    "total_resources": 701,
    "total_targets": 60
}