{
    "algorithm_results": [
        {
            "algorithm_name": "Greedy_Time",
            "evaluation_result": {
                "computation_time": 0.1914551,
                "cost_score": 0.7216982752188252,
                "coverage_score": 1.2,
                "detailed_metrics": {
                    "normalized_scores": {
                        "cost": 0.7216982752188252,
                        "coverage": 1.2,
                        "difference": 1.0,
                        "resources": 2.0239596469104666,
                        "time": 0.6659008806539147
                    },
                    "raw_metrics": {
                        "covered_targets": 55,
                        "difference": 0.0,
                        "max_completion_time": 0.801725,
                        "resource_utilization_rate": 0.3940809968847352,
                        "total_cost": 192.81030198997723,
                        "total_targets": 55,
                        "tour_count": 253
                    }
                },
                "feasibility_score": 0.0,
                "is_feasible": true,
                "resource_score": 2.0239596469104666,
                "time_score": 0.6659008806539147,
                "total_score": 1.0376653628439683
            },
            "ranking_score": 1.0376653628439683
        },
        {
            "algorithm_name": "Greedy_Cost",
            "evaluation_result": {
                "computation_time": 0.1916353,
                "cost_score": 0.803121025733466,
                "coverage_score": 1.2,
                "detailed_metrics": {
                    "normalized_scores": {
                        "cost": 0.803121025733466,
                        "coverage": 1.2,
                        "difference": 1.0,
                        "resources": 2.0239596469104666,
                        "time": 0.6184263034209476
                    },
                    "raw_metrics": {
                        "covered_targets": 55,
                        "difference": 0.0,
                        "max_completion_time": 0.9170075471698113,
                        "resource_utilization_rate": 0.3940809968847352,
                        "total_cost": 122.5711741805853,
                        "total_targets": 55,
                        "tour_count": 253
                    }
                },
                "feasibility_score": 0.0,
                "is_feasible": true,
                "resource_score": 2.0239596469104666,
                "time_score": 0.6184263034209476,
                "total_score": 1.0654870053265277
            },
            "ranking_score": 1.0654870053265277
        },
        {
            "algorithm_name": "Greedy_Difference",
            "evaluation_result": {
                "computation_time": 0.0,
                "cost_score": 0.0,
                "coverage_score": 0.0,
                "detailed_metrics": null,
                "feasibility_score": 0.0,
                "is_feasible": false,
                "resource_score": 0.0,
                "time_score": 0.0,
                "total_score": 0.0
            },
            "ranking_score": 0.0
        },
        {
            "algorithm_name": "NSGAII",
            "evaluation_result": {
                "computation_time": 3.658285,
                "cost_score": 0.803121025733466,
                "coverage_score": 1.2,
                "detailed_metrics": {
                    "normalized_scores": {
                        "cost": 0.803121025733466,
                        "coverage": 1.2,
                        "difference": 1.0,
                        "resources": 2.0239596469104666,
                        "time": 0.6184263034209476
                    },
                    "raw_metrics": {
                        "covered_targets": 55,
                        "difference": 0.0,
                        "max_completion_time": 0.9170075471698113,
                        "resource_utilization_rate": 0.3940809968847352,
                        "total_cost": 122.5711741805853,
                        "total_targets": 55,
                        "tour_count": 253
                    }
                },
                "feasibility_score": 0.0,
                "is_feasible": true,
                "resource_score": 2.0239596469104666,
                "time_score": 0.6184263034209476,
                "total_score": 1.0654870053265277
            },
            "ranking_score": 1.0654870053265277
        },
        {
            "algorithm_name": "Exact_Time",
            "evaluation_result": {
                "computation_time": 0.0,
                "cost_score": 0.0,
                "coverage_score": 0.0,
                "detailed_metrics": null,
                "feasibility_score": 0.0,
                "is_feasible": false,
                "resource_score": 0.0,
                "time_score": 0.0,
                "total_score": 0.0
            },
            "ranking_score": 0.0
        },
        {
            "algorithm_name": "Exact_Cost",
            "evaluation_result": {
                "computation_time": 0.0,
                "cost_score": 0.0,
                "coverage_score": 0.0,
                "detailed_metrics": null,
                "feasibility_score": 0.0,
                "is_feasible": false,
                "resource_score": 0.0,
                "time_score": 0.0,
                "total_score": 0.0
            },
            "ranking_score": 0.0
        }
    ],
    "decision_preference": 1.0,
    "scenario_name": "scenario_66_T55_R642",
    "statistics": {
        "counts": {
            "acceptable_solution_count": 3,
            "cost_optimal_count": 2,
            "coverage_optimal_count": 3,
            "fast_solution_count": 2,
            "feasible_algorithms": 3,
            "time_optimal_count": 1,
            "total_algorithms": 6
        },
        "optimal_algorithms": {
            "cost_optimal": [
                "Greedy_Cost",
                "NSGAII"
            ],
            "coverage_optimal": [
                "Greedy_Time",
                "Greedy_Cost",
                "NSGAII"
            ],
            "time_optimal": [
                "Greedy_Time"
            ]
        },
        "performance_algorithms": {
            "acceptable_solutions_5s_gap5": [
                "Greedy_Time",
                "Greedy_Cost",
                "NSGAII"
            ],
            "fast_solutions_1s": [
                "Greedy_Time",
                "Greedy_Cost"
            ]
        }
    },
    "timestamp": 17695006558055300,
    "total_resources": 642,
    "total_targets": 55
}