{
    "algorithm_results": [
        {
            "algorithm_name": "Greedy_Time",
            "evaluation_result": {
                "computation_time": 0.3438912,
                "cost_score": 0.6609310646753683,
                "coverage_score": 1.2,
                "detailed_metrics": {
                    "normalized_scores": {
                        "cost": 0.6609310646753683,
                        "coverage": 1.2,
                        "difference": 1.0,
                        "resources": 1.9607843137254901,
                        "time": 0.7177936412745237
                    },
                    "raw_metrics": {
                        "covered_targets": 71,
                        "difference": 0.0,
                        "max_completion_time": 0.693158064516129,
                        "resource_utilization_rate": 0.41,
                        "total_cost": 256.5085479006599,
                        "total_targets": 71,
                        "tour_count": 328
                    }
                },
                "feasibility_score": 0.0,
                "is_feasible": true,
                "resource_score": 1.9607843137254901,
                "time_score": 0.7177936412745237,
                "total_score": 1.0264458655199376
            },
            "ranking_score": 1.0264458655199376
        },
        {
            "algorithm_name": "Greedy_Cost",
            "evaluation_result": {
                "computation_time": 0.3440811,
                "cost_score": 0.7358767011450564,
                "coverage_score": 1.2,
                "detailed_metrics": {
                    "normalized_scores": {
                        "cost": 0.7358767011450564,
                        "coverage": 1.2,
                        "difference": 1.0,
                        "resources": 1.9607843137254901,
                        "time": 0.6506595902120385
                    },
                    "raw_metrics": {
                        "covered_targets": 71,
                        "difference": 0.0,
                        "max_completion_time": 0.8369019607843138,
                        "resource_utilization_rate": 0.41,
                        "total_cost": 179.4616533204245,
                        "total_targets": 71,
                        "tour_count": 328
                    }
                },
                "feasibility_score": 0.0,
                "is_feasible": true,
                "resource_score": 1.9607843137254901,
                "time_score": 0.6506595902120385,
                "total_score": 1.014190793118521
            },
            "ranking_score": 1.014190793118521
        },
        {
            "algorithm_name": "Greedy_Difference",
            "evaluation_result": {
                "computation_time": 0.0,
                "cost_score": 0.0,
                "coverage_score": 0.0,
                "detailed_metrics": null,
                "feasibility_score": 0.0,
                "is_feasible": false,
                "resource_score": 0.0,
                "time_score": 0.0,
                "total_score": 0.0
            },
            "ranking_score": 0.0
        },
        {
            "algorithm_name": "NSGAII",
            "evaluation_result": {
                "computation_time": 5.9869212,
                "cost_score": 0.66203036159777,
                "coverage_score": 1.2,
                "detailed_metrics": {
                    "normalized_scores": {
                        "cost": 0.66203036159777,
                        "coverage": 1.2,
                        "difference": 1.0,
                        "resources": 1.9851116625310172,
                        "time": 0.6506595902120385
                    },
                    "raw_metrics": {
                        "covered_targets": 71,
                        "difference": 0.0,
                        "max_completion_time": 0.8369019607843138,
                        "resource_utilization_rate": 0.40375,
                        "total_cost": 255.25237059110154,
                        "total_targets": 71,
                        "tour_count": 323
                    }
                },
                "feasibility_score": 0.0,
                "is_feasible": false,
                "resource_score": 1.9851116625310172,
                "time_score": 0.6506595902120385,
                "total_score": 0.0
            },
            "ranking_score": 0.0
        },
        {
            "algorithm_name": "Exact_Time",
            "evaluation_result": {
                "computation_time": 0.0,
                "cost_score": 0.0,
                "coverage_score": 0.0,
                "detailed_metrics": null,
                "feasibility_score": 0.0,
                "is_feasible": false,
                "resource_score": 0.0,
                "time_score": 0.0,
                "total_score": 0.0
            },
            "ranking_score": 0.0
        },
        {
            "algorithm_name": "Exact_Cost",
            "evaluation_result": {
                "computation_time": 0.0,
                "cost_score": 0.0,
                "coverage_score": 0.0,
                "detailed_metrics": null,
                "feasibility_score": 0.0,
                "is_feasible": false,
                "resource_score": 0.0,
                "time_score": 0.0,
                "total_score": 0.0
            },
            "ranking_score": 0.0
        }
    ],
    "decision_preference": 0.0,
    "scenario_name": "scenario_170_T71_R800",
    "statistics": {
        "counts": {
            "acceptable_solution_count": 2,
            "cost_optimal_count": 1,
            "coverage_optimal_count": 2,
            "fast_solution_count": 2,
            "feasible_algorithms": 2,
            "time_optimal_count": 1,
            "total_algorithms": 6
        },
        "optimal_algorithms": {
            "cost_optimal": [
                "Greedy_Cost"
            ],
            "coverage_optimal": [
                "Greedy_Time",
                "Greedy_Cost"
            ],
            "time_optimal": [
                "Greedy_Time"
            ]
        },
        "performance_algorithms": {
            "acceptable_solutions_5s_gap5": [
                "Greedy_Time",
                "Greedy_Cost"
            ],
            "fast_solutions_1s": [
                "Greedy_Time",
                "Greedy_Cost"
            ]
        }
    },
    "timestamp": 17695004321585070,
    "total_resources": 800,
    "total_targets": 71
}