{
    "algorithm_results": [
        {
            "algorithm_name": "Greedy_Time",
            "evaluation_result": {
                "computation_time": 0.2686668,
                "cost_score": 0.6992452666870139,
                "coverage_score": 1.2,
                "detailed_metrics": {
                    "normalized_scores": {
                        "cost": 0.6992452666870139,
                        "coverage": 1.2,
                        "difference": 1.0,
                        "resources": 2.020557208547471,
                        "time": 0.7229331064435583
                    },
                    "raw_metrics": {
                        "covered_targets": 64,
                        "difference": 0.0,
                        "max_completion_time": 0.6832538461538462,
                        "resource_utilization_rate": 0.3949129852744311,
                        "total_cost": 215.0566815689333,
                        "total_targets": 64,
                        "tour_count": 295
                    }
                },
                "feasibility_score": 0.0,
                "is_feasible": true,
                "resource_score": 2.020557208547471,
                "time_score": 0.7229331064435583,
                "total_score": 1.0399690981130445
            },
            "ranking_score": 1.0399690981130445
        },
        {
            "algorithm_name": "Greedy_Cost",
            "evaluation_result": {
                "computation_time": 0.2743203,
                "cost_score": 0.7960361293806776,
                "coverage_score": 1.2,
                "detailed_metrics": {
                    "normalized_scores": {
                        "cost": 0.7960361293806776,
                        "coverage": 1.2,
                        "difference": 1.0,
                        "resources": 2.020557208547471,
                        "time": 0.7229331064435583
                    },
                    "raw_metrics": {
                        "covered_targets": 64,
                        "difference": 0.0,
                        "max_completion_time": 0.6832538461538462,
                        "resource_utilization_rate": 0.3949129852744311,
                        "total_cost": 128.112194340983,
                        "total_targets": 64,
                        "tour_count": 295
                    }
                },
                "feasibility_score": 0.0,
                "is_feasible": true,
                "resource_score": 2.020557208547471,
                "time_score": 0.7229331064435583,
                "total_score": 1.054487727517094
            },
            "ranking_score": 1.054487727517094
        },
        {
            "algorithm_name": "Greedy_Difference",
            "evaluation_result": {
                "computation_time": 0.0,
                "cost_score": 0.0,
                "coverage_score": 0.0,
                "detailed_metrics": null,
                "feasibility_score": 0.0,
                "is_feasible": false,
                "resource_score": 0.0,
                "time_score": 0.0,
                "total_score": 0.0
            },
            "ranking_score": 0.0
        },
        {
            "algorithm_name": "NSGAII",
            "evaluation_result": {
                "computation_time": 5.329872,
                "cost_score": 0.7960361293806776,
                "coverage_score": 1.2,
                "detailed_metrics": {
                    "normalized_scores": {
                        "cost": 0.7960361293806776,
                        "coverage": 1.2,
                        "difference": 1.0,
                        "resources": 2.020557208547471,
                        "time": 0.7229331064435583
                    },
                    "raw_metrics": {
                        "covered_targets": 64,
                        "difference": 0.0,
                        "max_completion_time": 0.6832538461538462,
                        "resource_utilization_rate": 0.3949129852744311,
                        "total_cost": 128.112194340983,
                        "total_targets": 64,
                        "tour_count": 295
                    }
                },
                "feasibility_score": 0.0,
                "is_feasible": false,
                "resource_score": 2.020557208547471,
                "time_score": 0.7229331064435583,
                "total_score": 0.0
            },
            "ranking_score": 0.0
        },
        {
            "algorithm_name": "Exact_Time",
            "evaluation_result": {
                "computation_time": 0.0,
                "cost_score": 0.0,
                "coverage_score": 0.0,
                "detailed_metrics": null,
                "feasibility_score": 0.0,
                "is_feasible": false,
                "resource_score": 0.0,
                "time_score": 0.0,
                "total_score": 0.0
            },
            "ranking_score": 0.0
        },
        {
            "algorithm_name": "Exact_Cost",
            "evaluation_result": {
                "computation_time": 0.0,
                "cost_score": 0.0,
                "coverage_score": 0.0,
                "detailed_metrics": null,
                "feasibility_score": 0.0,
                "is_feasible": false,
                "resource_score": 0.0,
                "time_score": 0.0,
                "total_score": 0.0
            },
            "ranking_score": 0.0
        }
    ],
    "decision_preference": 0.0,
    "scenario_name": "scenario_89_T64_R747",
    "statistics": {
        "counts": {
            "acceptable_solution_count": 2,
            "cost_optimal_count": 1,
            "coverage_optimal_count": 2,
            "fast_solution_count": 2,
            "feasible_algorithms": 2,
            "time_optimal_count": 2,
            "total_algorithms": 6
        },
        "optimal_algorithms": {
            "cost_optimal": [
                "Greedy_Cost"
            ],
            "coverage_optimal": [
                "Greedy_Time",
                "Greedy_Cost"
            ],
            "time_optimal": [
                "Greedy_Time",
                "Greedy_Cost"
            ]
        },
        "performance_algorithms": {
            "acceptable_solutions_5s_gap5": [
                "Greedy_Time",
                "Greedy_Cost"
            ],
            "fast_solutions_1s": [
                "Greedy_Time",
                "Greedy_Cost"
            ]
        }
    },
    "timestamp": 17695007119832361,
    "total_resources": 747,
    "total_targets": 64
}