{
    "algorithm_results": [
        {
            "algorithm_name": "Greedy_Time",
            "evaluation_result": {
                "computation_time": 0.2920886,
                "cost_score": 0.6744813412704613,
                "coverage_score": 1.2,
                "detailed_metrics": {
                    "normalized_scores": {
                        "cost": 0.6744813412704613,
                        "coverage": 1.2,
                        "difference": 1.0,
                        "resources": 1.9917334022216482,
                        "time": 0.713599760036962
                    },
                    "raw_metrics": {
                        "covered_targets": 66,
                        "difference": 0.0,
                        "max_completion_time": 0.7013457627118643,
                        "resource_utilization_rate": 0.40207522697795073,
                        "total_cost": 241.31035123698726,
                        "total_targets": 66,
                        "tour_count": 310
                    }
                },
                "feasibility_score": 0.0,
                "is_feasible": true,
                "resource_score": 1.9917334022216482,
                "time_score": 0.713599760036962,
                "total_score": 1.0301054574256707
            },
            "ranking_score": 1.0301054574256707
        },
        {
            "algorithm_name": "Greedy_Cost",
            "evaluation_result": {
                "computation_time": 0.2898357,
                "cost_score": 0.7591297152920709,
                "coverage_score": 1.2,
                "detailed_metrics": {
                    "normalized_scores": {
                        "cost": 0.7591297152920709,
                        "coverage": 1.2,
                        "difference": 1.0,
                        "resources": 1.9917334022216482,
                        "time": 0.655344159158952
                    },
                    "raw_metrics": {
                        "covered_targets": 66,
                        "difference": 0.0,
                        "max_completion_time": 0.8259157894736842,
                        "resource_utilization_rate": 0.40207522697795073,
                        "total_cost": 158.64896331666824,
                        "total_targets": 66,
                        "tour_count": 310
                    }
                },
                "feasibility_score": 0.0,
                "is_feasible": true,
                "resource_score": 1.9917334022216482,
                "time_score": 0.655344159158952,
                "total_score": 1.0224132532216086
            },
            "ranking_score": 1.0224132532216086
        },
        {
            "algorithm_name": "Greedy_Difference",
            "evaluation_result": {
                "computation_time": 0.0,
                "cost_score": 0.0,
                "coverage_score": 0.0,
                "detailed_metrics": null,
                "feasibility_score": 0.0,
                "is_feasible": false,
                "resource_score": 0.0,
                "time_score": 0.0,
                "total_score": 0.0
            },
            "ranking_score": 0.0
        },
        {
            "algorithm_name": "NSGAII",
            "evaluation_result": {
                "computation_time": 5.2528651,
                "cost_score": 0.7591297152920709,
                "coverage_score": 1.2,
                "detailed_metrics": {
                    "normalized_scores": {
                        "cost": 0.7591297152920709,
                        "coverage": 1.2,
                        "difference": 1.0,
                        "resources": 1.9917334022216482,
                        "time": 0.655344159158952
                    },
                    "raw_metrics": {
                        "covered_targets": 66,
                        "difference": 0.0,
                        "max_completion_time": 0.8259157894736842,
                        "resource_utilization_rate": 0.40207522697795073,
                        "total_cost": 158.64896331666824,
                        "total_targets": 66,
                        "tour_count": 310
                    }
                },
                "feasibility_score": 0.0,
                "is_feasible": false,
                "resource_score": 1.9917334022216482,
                "time_score": 0.655344159158952,
                "total_score": 0.0
            },
            "ranking_score": 0.0
        },
        {
            "algorithm_name": "Exact_Time",
            "evaluation_result": {
                "computation_time": 0.0,
                "cost_score": 0.0,
                "coverage_score": 0.0,
                "detailed_metrics": null,
                "feasibility_score": 0.0,
                "is_feasible": false,
                "resource_score": 0.0,
                "time_score": 0.0,
                "total_score": 0.0
            },
            "ranking_score": 0.0
        },
        {
            "algorithm_name": "Exact_Cost",
            "evaluation_result": {
                "computation_time": 0.0,
                "cost_score": 0.0,
                "coverage_score": 0.0,
                "detailed_metrics": null,
                "feasibility_score": 0.0,
                "is_feasible": false,
                "resource_score": 0.0,
                "time_score": 0.0,
                "total_score": 0.0
            },
            "ranking_score": 0.0
        }
    ],
    "decision_preference": 0.0,
    "scenario_name": "scenario_28_T66_R771",
    "statistics": {
        "counts": {
            "acceptable_solution_count": 2,
            "cost_optimal_count": 1,
            "coverage_optimal_count": 2,
            "fast_solution_count": 2,
            "feasible_algorithms": 2,
            "time_optimal_count": 1,
            "total_algorithms": 6
        },
        "optimal_algorithms": {
            "cost_optimal": [
                "Greedy_Cost"
            ],
            "coverage_optimal": [
                "Greedy_Time",
                "Greedy_Cost"
            ],
            "time_optimal": [
                "Greedy_Time"
            ]
        },
        "performance_algorithms": {
            "acceptable_solutions_5s_gap5": [
                "Greedy_Time",
                "Greedy_Cost"
            ],
            "fast_solutions_1s": [
                "Greedy_Time",
                "Greedy_Cost"
            ]
        }
    },
    "timestamp": 17695005402569994,
    "total_resources": 771,
    "total_targets": 66
}