{
    "algorithm_results": [
        {
            "algorithm_name": "Greedy_Time",
            "evaluation_result": {
                "computation_time": 0.3612548,
                "cost_score": 0.6526035920351516,
                "coverage_score": 1.2,
                "detailed_metrics": {
                    "normalized_scores": {
                        "cost": 0.6526035920351516,
                        "coverage": 1.2,
                        "difference": 1.0,
                        "resources": 1.8223234624145788,
                        "time": 0.6960044544285084
                    },
                    "raw_metrics": {
                        "covered_targets": 78,
                        "difference": 0.0,
                        "max_completion_time": 0.7367724137931034,
                        "resource_utilization_rate": 0.44875,
                        "total_cost": 266.161887710033,
                        "total_targets": 78,
                        "tour_count": 359
                    }
                },
                "feasibility_score": 0.0,
                "is_feasible": true,
                "resource_score": 1.8223234624145788,
                "time_score": 0.6960044544285084,
                "total_score": 1.0037244440967086
            },
            "ranking_score": 1.0037244440967086
        },
        {
            "algorithm_name": "Greedy_Cost",
            "evaluation_result": {
                "computation_time": 0.3639954,
                "cost_score": 0.7439880631178193,
                "coverage_score": 1.2,
                "detailed_metrics": {
                    "normalized_scores": {
                        "cost": 0.7439880631178193,
                        "coverage": 1.2,
                        "difference": 1.0,
                        "resources": 1.8223234624145788,
                        "time": 0.6883378362100119
                    },
                    "raw_metrics": {
                        "covered_targets": 78,
                        "difference": 0.0,
                        "max_completion_time": 0.752775,
                        "resource_utilization_rate": 0.44875,
                        "total_cost": 172.05379331579286,
                        "total_targets": 78,
                        "tour_count": 359
                    }
                },
                "feasibility_score": 0.0,
                "is_feasible": true,
                "resource_score": 1.8223234624145788,
                "time_score": 0.6883378362100119,
                "total_score": 1.0147487983826349
            },
            "ranking_score": 1.0147487983826349
        },
        {
            "algorithm_name": "Greedy_Difference",
            "evaluation_result": {
                "computation_time": 0.0,
                "cost_score": 0.0,
                "coverage_score": 0.0,
                "detailed_metrics": null,
                "feasibility_score": 0.0,
                "is_feasible": false,
                "resource_score": 0.0,
                "time_score": 0.0,
                "total_score": 0.0
            },
            "ranking_score": 0.0
        },
        {
            "algorithm_name": "NSGAII",
            "evaluation_result": {
                "computation_time": 6.4402776,
                "cost_score": 0.6501627494344652,
                "coverage_score": 1.2,
                "detailed_metrics": {
                    "normalized_scores": {
                        "cost": 0.6501627494344652,
                        "coverage": 1.2,
                        "difference": 1.0,
                        "resources": 1.8264840182648403,
                        "time": 0.6883378362100119
                    },
                    "raw_metrics": {
                        "covered_targets": 78,
                        "difference": 0.0,
                        "max_completion_time": 0.752775,
                        "resource_utilization_rate": 0.4475,
                        "total_cost": 269.0382145623045,
                        "total_targets": 78,
                        "tour_count": 358
                    }
                },
                "feasibility_score": 0.0,
                "is_feasible": false,
                "resource_score": 1.8264840182648403,
                "time_score": 0.6883378362100119,
                "total_score": 0.0
            },
            "ranking_score": 0.0
        },
        {
            "algorithm_name": "Exact_Time",
            "evaluation_result": {
                "computation_time": 0.0,
                "cost_score": 0.0,
                "coverage_score": 0.0,
                "detailed_metrics": null,
                "feasibility_score": 0.0,
                "is_feasible": false,
                "resource_score": 0.0,
                "time_score": 0.0,
                "total_score": 0.0
            },
            "ranking_score": 0.0
        },
        {
            "algorithm_name": "Exact_Cost",
            "evaluation_result": {
                "computation_time": 0.0,
                "cost_score": 0.0,
                "coverage_score": 0.0,
                "detailed_metrics": null,
                "feasibility_score": 0.0,
                "is_feasible": false,
                "resource_score": 0.0,
                "time_score": 0.0,
                "total_score": 0.0
            },
            "ranking_score": 0.0
        }
    ],
    "decision_preference": 0.0,
    "scenario_name": "scenario_95_T78_R800",
    "statistics": {
        "counts": {
            "acceptable_solution_count": 2,
            "cost_optimal_count": 1,
            "coverage_optimal_count": 2,
            "fast_solution_count": 2,
            "feasible_algorithms": 2,
            "time_optimal_count": 2,
            "total_algorithms": 6
        },
        "optimal_algorithms": {
            "cost_optimal": [
                "Greedy_Cost"
            ],
            "coverage_optimal": [
                "Greedy_Time",
                "Greedy_Cost"
            ],
            "time_optimal": [
                "Greedy_Time",
                "Greedy_Cost"
            ]
        },
        "performance_algorithms": {
            "acceptable_solutions_5s_gap5": [
                "Greedy_Time",
                "Greedy_Cost"
            ],
            "fast_solutions_1s": [
                "Greedy_Time",
                "Greedy_Cost"
            ]
        }
    },
    "timestamp": 17695007301783661,
    "total_resources": 800,
    "total_targets": 78
}