{
    "algorithm_results": [
        {
            "algorithm_name": "Greedy_Time",
            "evaluation_result": {
                "computation_time": 0.3443968,
                "cost_score": 0.6237805403645724,
                "coverage_score": 1.2,
                "detailed_metrics": {
                    "normalized_scores": {
                        "cost": 0.6237805403645724,
                        "coverage": 1.2,
                        "difference": 1.0,
                        "resources": 1.9138755980861246,
                        "time": 0.5771346058962787
                    },
                    "raw_metrics": {
                        "covered_targets": 72,
                        "difference": 0.0,
                        "max_completion_time": 1.0326980392156864,
                        "resource_utilization_rate": 0.4225,
                        "total_cost": 301.56395983076334,
                        "total_targets": 72,
                        "tour_count": 338
                    }
                },
                "feasibility_score": 0.0,
                "is_feasible": true,
                "resource_score": 1.9138755980861246,
                "time_score": 0.5771346058962787,
                "total_score": 0.9669517529269958
            },
            "ranking_score": 0.9669517529269958
        },
        {
            "algorithm_name": "Greedy_Cost",
            "evaluation_result": {
                "computation_time": 0.3457643,
                "cost_score": 0.6986631427594884,
                "coverage_score": 1.2,
                "detailed_metrics": {
                    "normalized_scores": {
                        "cost": 0.6986631427594884,
                        "coverage": 1.2,
                        "difference": 1.0,
                        "resources": 1.9138755980861246,
                        "time": 0.5487163265701357
                    },
                    "raw_metrics": {
                        "covered_targets": 72,
                        "difference": 0.0,
                        "max_completion_time": 1.122435294117647,
                        "resource_utilization_rate": 0.4225,
                        "total_cost": 215.65246454130295,
                        "total_targets": 72,
                        "tour_count": 338
                    }
                },
                "feasibility_score": 0.0,
                "is_feasible": true,
                "resource_score": 1.9138755980861246,
                "time_score": 0.5487163265701357,
                "total_score": 0.9682377455220831
            },
            "ranking_score": 0.9682377455220831
        },
        {
            "algorithm_name": "Greedy_Difference",
            "evaluation_result": {
                "computation_time": 0.0,
                "cost_score": 0.0,
                "coverage_score": 0.0,
                "detailed_metrics": null,
                "feasibility_score": 0.0,
                "is_feasible": false,
                "resource_score": 0.0,
                "time_score": 0.0,
                "total_score": 0.0
            },
            "ranking_score": 0.0
        },
        {
            "algorithm_name": "NSGAII",
            "evaluation_result": {
                "computation_time": 5.9086831,
                "cost_score": 0.6986631427594884,
                "coverage_score": 1.2,
                "detailed_metrics": {
                    "normalized_scores": {
                        "cost": 0.6986631427594884,
                        "coverage": 1.2,
                        "difference": 1.0,
                        "resources": 1.9138755980861246,
                        "time": 0.5487163265701357
                    },
                    "raw_metrics": {
                        "covered_targets": 72,
                        "difference": 0.0,
                        "max_completion_time": 1.122435294117647,
                        "resource_utilization_rate": 0.4225,
                        "total_cost": 215.65246454130295,
                        "total_targets": 72,
                        "tour_count": 338
                    }
                },
                "feasibility_score": 0.0,
                "is_feasible": false,
                "resource_score": 1.9138755980861246,
                "time_score": 0.5487163265701357,
                "total_score": 0.0
            },
            "ranking_score": 0.0
        },
        {
            "algorithm_name": "Exact_Time",
            "evaluation_result": {
                "computation_time": 0.0,
                "cost_score": 0.0,
                "coverage_score": 0.0,
                "detailed_metrics": null,
                "feasibility_score": 0.0,
                "is_feasible": false,
                "resource_score": 0.0,
                "time_score": 0.0,
                "total_score": 0.0
            },
            "ranking_score": 0.0
        },
        {
            "algorithm_name": "Exact_Cost",
            "evaluation_result": {
                "computation_time": 0.0,
                "cost_score": 0.0,
                "coverage_score": 0.0,
                "detailed_metrics": null,
                "feasibility_score": 0.0,
                "is_feasible": false,
                "resource_score": 0.0,
                "time_score": 0.0,
                "total_score": 0.0
            },
            "ranking_score": 0.0
        }
    ],
    "decision_preference": 0.0,
    "scenario_name": "scenario_31_T72_R800",
    "statistics": {
        "counts": {
            "acceptable_solution_count": 2,
            "cost_optimal_count": 1,
            "coverage_optimal_count": 2,
            "fast_solution_count": 2,
            "feasible_algorithms": 2,
            "time_optimal_count": 1,
            "total_algorithms": 6
        },
        "optimal_algorithms": {
            "cost_optimal": [
                "Greedy_Cost"
            ],
            "coverage_optimal": [
                "Greedy_Time",
                "Greedy_Cost"
            ],
            "time_optimal": [
                "Greedy_Time"
            ]
        },
        "performance_algorithms": {
            "acceptable_solutions_5s_gap5": [
                "Greedy_Time",
                "Greedy_Cost"
            ],
            "fast_solutions_1s": [
                "Greedy_Time",
                "Greedy_Cost"
            ]
        }
    },
    "timestamp": 17695005591153269,
    "total_resources": 800,
    "total_targets": 72
}