{
    "algorithm_results": [
        {
            "algorithm_name": "Greedy_Time",
            "evaluation_result": {
                "computation_time": 0.1863809,
                "cost_score": 0.7297266450703481,
                "coverage_score": 1.2,
                "detailed_metrics": {
                    "normalized_scores": {
                        "cost": 0.7297266450703481,
                        "coverage": 1.2,
                        "difference": 1.0,
                        "resources": 2.0217878884972764,
                        "time": 0.6667866882705553
                    },
                    "raw_metrics": {
                        "covered_targets": 54,
                        "difference": 0.0,
                        "max_completion_time": 0.79973,
                        "resource_utilization_rate": 0.39461172741679873,
                        "total_cost": 185.18808156141571,
                        "total_targets": 54,
                        "tour_count": 249
                    }
                },
                "feasibility_score": 0.0,
                "is_feasible": true,
                "resource_score": 2.0217878884972764,
                "time_score": 0.6667866882705553,
                "total_score": 1.0250131265049742
            },
            "ranking_score": 1.0250131265049742
        },
        {
            "algorithm_name": "Greedy_Cost",
            "evaluation_result": {
                "computation_time": 0.1883735,
                "cost_score": 0.8186221915119231,
                "coverage_score": 1.2,
                "detailed_metrics": {
                    "normalized_scores": {
                        "cost": 0.8186221915119231,
                        "coverage": 1.2,
                        "difference": 1.0,
                        "resources": 2.0217878884972764,
                        "time": 0.6468857941438528
                    },
                    "raw_metrics": {
                        "covered_targets": 54,
                        "difference": 0.0,
                        "max_completion_time": 0.845867924528302,
                        "resource_utilization_rate": 0.39461172741679873,
                        "total_cost": 110.78236723163344,
                        "total_targets": 54,
                        "tour_count": 249
                    }
                },
                "feasibility_score": 0.0,
                "is_feasible": true,
                "resource_score": 2.0217878884972764,
                "time_score": 0.6468857941438528,
                "total_score": 1.0313821455268646
            },
            "ranking_score": 1.0313821455268646
        },
        {
            "algorithm_name": "Greedy_Difference",
            "evaluation_result": {
                "computation_time": 0.0,
                "cost_score": 0.0,
                "coverage_score": 0.0,
                "detailed_metrics": null,
                "feasibility_score": 0.0,
                "is_feasible": false,
                "resource_score": 0.0,
                "time_score": 0.0,
                "total_score": 0.0
            },
            "ranking_score": 0.0
        },
        {
            "algorithm_name": "NSGAII",
            "evaluation_result": {
                "computation_time": 3.7282167,
                "cost_score": 0.798613979271708,
                "coverage_score": 1.2,
                "detailed_metrics": {
                    "normalized_scores": {
                        "cost": 0.798613979271708,
                        "coverage": 1.2,
                        "difference": 1.0,
                        "resources": 2.054705307717356,
                        "time": 0.5778653811140928
                    },
                    "raw_metrics": {
                        "covered_targets": 54,
                        "difference": 0.0,
                        "max_completion_time": 1.0305068493150684,
                        "resource_utilization_rate": 0.3866877971473851,
                        "total_cost": 126.08470797865637,
                        "total_targets": 54,
                        "tour_count": 244
                    }
                },
                "feasibility_score": 0.0,
                "is_feasible": true,
                "resource_score": 2.054705307717356,
                "time_score": 0.5778653811140928,
                "total_score": 1.007515511052424
            },
            "ranking_score": 1.007515511052424
        },
        {
            "algorithm_name": "Exact_Time",
            "evaluation_result": {
                "computation_time": 0.0,
                "cost_score": 0.0,
                "coverage_score": 0.0,
                "detailed_metrics": null,
                "feasibility_score": 0.0,
                "is_feasible": false,
                "resource_score": 0.0,
                "time_score": 0.0,
                "total_score": 0.0
            },
            "ranking_score": 0.0
        },
        {
            "algorithm_name": "Exact_Cost",
            "evaluation_result": {
                "computation_time": 0.0,
                "cost_score": 0.0,
                "coverage_score": 0.0,
                "detailed_metrics": null,
                "feasibility_score": 0.0,
                "is_feasible": false,
                "resource_score": 0.0,
                "time_score": 0.0,
                "total_score": 0.0
            },
            "ranking_score": 0.0
        }
    ],
    "decision_preference": 0.0,
    "scenario_name": "scenario_148_T54_R631",
    "statistics": {
        "counts": {
            "acceptable_solution_count": 3,
            "cost_optimal_count": 1,
            "coverage_optimal_count": 3,
            "fast_solution_count": 2,
            "feasible_algorithms": 3,
            "time_optimal_count": 1,
            "total_algorithms": 6
        },
        "optimal_algorithms": {
            "cost_optimal": [
                "Greedy_Cost"
            ],
            "coverage_optimal": [
                "Greedy_Time",
                "Greedy_Cost",
                "NSGAII"
            ],
            "time_optimal": [
                "Greedy_Time"
            ]
        },
        "performance_algorithms": {
            "acceptable_solutions_5s_gap5": [
                "Greedy_Time",
                "Greedy_Cost",
                "NSGAII"
            ],
            "fast_solutions_1s": [
                "Greedy_Time",
                "Greedy_Cost"
            ]
        }
    },
    "timestamp": 17695003633195624,
    "total_resources": 631,
    "total_targets": 54
}