{
    "algorithm_results": [
        {
            "algorithm_name": "Greedy_Time",
            "evaluation_result": {
                "computation_time": 0.3458128,
                "cost_score": 0.6497232225982302,
                "coverage_score": 1.2,
                "detailed_metrics": {
                    "normalized_scores": {
                        "cost": 0.6497232225982302,
                        "coverage": 1.2,
                        "difference": 1.0,
                        "resources": 1.9277108433734937,
                        "time": 0.663499562090289
                    },
                    "raw_metrics": {
                        "covered_targets": 74,
                        "difference": 0.0,
                        "max_completion_time": 0.80716,
                        "resource_utilization_rate": 0.41875,
                        "total_cost": 269.55845598454977,
                        "total_targets": 74,
                        "tour_count": 335
                    }
                },
                "feasibility_score": 0.0,
                "is_feasible": true,
                "resource_score": 1.9277108433734937,
                "time_score": 0.663499562090289,
                "total_score": 0.9990103295856704
            },
            "ranking_score": 0.9990103295856704
        },
        {
            "algorithm_name": "Greedy_Cost",
            "evaluation_result": {
                "computation_time": 0.3476408,
                "cost_score": 0.7323091749393668,
                "coverage_score": 1.2,
                "detailed_metrics": {
                    "normalized_scores": {
                        "cost": 0.7323091749393668,
                        "coverage": 1.2,
                        "difference": 1.0,
                        "resources": 1.9277108433734937,
                        "time": 0.65563837700111
                    },
                    "raw_metrics": {
                        "covered_targets": 74,
                        "difference": 0.0,
                        "max_completion_time": 0.8252310344827586,
                        "resource_utilization_rate": 0.41875,
                        "total_cost": 182.7717269026415,
                        "total_targets": 74,
                        "tour_count": 335
                    }
                },
                "feasibility_score": 0.0,
                "is_feasible": true,
                "resource_score": 1.9277108433734937,
                "time_score": 0.65563837700111,
                "total_score": 1.0312585920132071
            },
            "ranking_score": 1.0312585920132071
        },
        {
            "algorithm_name": "Greedy_Difference",
            "evaluation_result": {
                "computation_time": 0.0,
                "cost_score": 0.0,
                "coverage_score": 0.0,
                "detailed_metrics": null,
                "feasibility_score": 0.0,
                "is_feasible": false,
                "resource_score": 0.0,
                "time_score": 0.0,
                "total_score": 0.0
            },
            "ranking_score": 0.0
        },
        {
            "algorithm_name": "NSGAII",
            "evaluation_result": {
                "computation_time": 6.2329716,
                "cost_score": 0.6461523659048837,
                "coverage_score": 1.2,
                "detailed_metrics": {
                    "normalized_scores": {
                        "cost": 0.6461523659048837,
                        "coverage": 1.2,
                        "difference": 1.0,
                        "resources": 1.9277108433734937,
                        "time": 0.6015781779218539
                    },
                    "raw_metrics": {
                        "covered_targets": 74,
                        "difference": 0.0,
                        "max_completion_time": 0.9622943396226415,
                        "resource_utilization_rate": 0.41875,
                        "total_cost": 273.81129650402306,
                        "total_targets": 74,
                        "tour_count": 335
                    }
                },
                "feasibility_score": 0.0,
                "is_feasible": false,
                "resource_score": 1.9277108433734937,
                "time_score": 0.6015781779218539,
                "total_score": 0.0
            },
            "ranking_score": 0.0
        },
        {
            "algorithm_name": "Exact_Time",
            "evaluation_result": {
                "computation_time": 0.0,
                "cost_score": 0.0,
                "coverage_score": 0.0,
                "detailed_metrics": null,
                "feasibility_score": 0.0,
                "is_feasible": false,
                "resource_score": 0.0,
                "time_score": 0.0,
                "total_score": 0.0
            },
            "ranking_score": 0.0
        },
        {
            "algorithm_name": "Exact_Cost",
            "evaluation_result": {
                "computation_time": 0.0,
                "cost_score": 0.0,
                "coverage_score": 0.0,
                "detailed_metrics": null,
                "feasibility_score": 0.0,
                "is_feasible": false,
                "resource_score": 0.0,
                "time_score": 0.0,
                "total_score": 0.0
            },
            "ranking_score": 0.0
        }
    ],
    "decision_preference": 1.0,
    "scenario_name": "scenario_65_T74_R800",
    "statistics": {
        "counts": {
            "acceptable_solution_count": 2,
            "cost_optimal_count": 1,
            "coverage_optimal_count": 2,
            "fast_solution_count": 2,
            "feasible_algorithms": 2,
            "time_optimal_count": 2,
            "total_algorithms": 6
        },
        "optimal_algorithms": {
            "cost_optimal": [
                "Greedy_Cost"
            ],
            "coverage_optimal": [
                "Greedy_Time",
                "Greedy_Cost"
            ],
            "time_optimal": [
                "Greedy_Time",
                "Greedy_Cost"
            ]
        },
        "performance_algorithms": {
            "acceptable_solutions_5s_gap5": [
                "Greedy_Time",
                "Greedy_Cost"
            ],
            "fast_solutions_1s": [
                "Greedy_Time",
                "Greedy_Cost"
            ]
        }
    },
    "timestamp": 17695006485213223,
    "total_resources": 800,
    "total_targets": 74
}