{
    "algorithm_results": [
        {
            "algorithm_name": "Greedy_Time",
            "evaluation_result": {
                "computation_time": 0.3478351,
                "cost_score": 0.6487523954894614,
                "coverage_score": 1.2,
                "detailed_metrics": {
                    "normalized_scores": {
                        "cost": 0.6487523954894614,
                        "coverage": 1.2,
                        "difference": 1.0,
                        "resources": 1.8779342723004695,
                        "time": 0.6796673729453547
                    },
                    "raw_metrics": {
                        "covered_targets": 74,
                        "difference": 0.0,
                        "max_completion_time": 0.7713079365079365,
                        "resource_utilization_rate": 0.4325,
                        "total_cost": 270.71006361798044,
                        "total_targets": 74,
                        "tour_count": 346
                    }
                },
                "feasibility_score": 0.0,
                "is_feasible": true,
                "resource_score": 1.8779342723004695,
                "time_score": 0.6796673729453547,
                "total_score": 0.995261122720367
            },
            "ranking_score": 0.995261122720367
        },
        {
            "algorithm_name": "Greedy_Cost",
            "evaluation_result": {
                "computation_time": 0.3548143,
                "cost_score": 0.7387164071100413,
                "coverage_score": 1.2,
                "detailed_metrics": {
                    "normalized_scores": {
                        "cost": 0.7387164071100413,
                        "coverage": 1.2,
                        "difference": 1.0,
                        "resources": 1.8779342723004695,
                        "time": 0.6796673729453547
                    },
                    "raw_metrics": {
                        "covered_targets": 74,
                        "difference": 0.0,
                        "max_completion_time": 0.7713079365079365,
                        "resource_utilization_rate": 0.4325,
                        "total_cost": 176.8497290537621,
                        "total_targets": 74,
                        "tour_count": 346
                    }
                },
                "feasibility_score": 0.0,
                "is_feasible": true,
                "resource_score": 1.8779342723004695,
                "time_score": 0.6796673729453547,
                "total_score": 1.031246727368599
            },
            "ranking_score": 1.031246727368599
        },
        {
            "algorithm_name": "Greedy_Difference",
            "evaluation_result": {
                "computation_time": 0.0,
                "cost_score": 0.0,
                "coverage_score": 0.0,
                "detailed_metrics": null,
                "feasibility_score": 0.0,
                "is_feasible": false,
                "resource_score": 0.0,
                "time_score": 0.0,
                "total_score": 0.0
            },
            "ranking_score": 0.0
        },
        {
            "algorithm_name": "NSGAII",
            "evaluation_result": {
                "computation_time": 6.2360012,
                "cost_score": 0.6521202102083871,
                "coverage_score": 1.2,
                "detailed_metrics": {
                    "normalized_scores": {
                        "cost": 0.6521202102083871,
                        "coverage": 1.2,
                        "difference": 1.0,
                        "resources": 1.8779342723004695,
                        "time": 0.6796673729453547
                    },
                    "raw_metrics": {
                        "covered_targets": 74,
                        "difference": 0.0,
                        "max_completion_time": 0.7713079365079365,
                        "resource_utilization_rate": 0.4325,
                        "total_cost": 266.7298025316888,
                        "total_targets": 74,
                        "tour_count": 346
                    }
                },
                "feasibility_score": 0.0,
                "is_feasible": false,
                "resource_score": 1.8779342723004695,
                "time_score": 0.6796673729453547,
                "total_score": 0.0
            },
            "ranking_score": 0.0
        },
        {
            "algorithm_name": "Exact_Time",
            "evaluation_result": {
                "computation_time": 0.0,
                "cost_score": 0.0,
                "coverage_score": 0.0,
                "detailed_metrics": null,
                "feasibility_score": 0.0,
                "is_feasible": false,
                "resource_score": 0.0,
                "time_score": 0.0,
                "total_score": 0.0
            },
            "ranking_score": 0.0
        },
        {
            "algorithm_name": "Exact_Cost",
            "evaluation_result": {
                "computation_time": 0.0,
                "cost_score": 0.0,
                "coverage_score": 0.0,
                "detailed_metrics": null,
                "feasibility_score": 0.0,
                "is_feasible": false,
                "resource_score": 0.0,
                "time_score": 0.0,
                "total_score": 0.0
            },
            "ranking_score": 0.0
        }
    ],
    "decision_preference": 1.0,
    "scenario_name": "scenario_131_T74_R800",
    "statistics": {
        "counts": {
            "acceptable_solution_count": 2,
            "cost_optimal_count": 1,
            "coverage_optimal_count": 2,
            "fast_solution_count": 2,
            "feasible_algorithms": 2,
            "time_optimal_count": 2,
            "total_algorithms": 6
        },
        "optimal_algorithms": {
            "cost_optimal": [
                "Greedy_Cost"
            ],
            "coverage_optimal": [
                "Greedy_Time",
                "Greedy_Cost"
            ],
            "time_optimal": [
                "Greedy_Time",
                "Greedy_Cost"
            ]
        },
        "performance_algorithms": {
            "acceptable_solutions_5s_gap5": [
                "Greedy_Time",
                "Greedy_Cost"
            ],
            "fast_solutions_1s": [
                "Greedy_Time",
                "Greedy_Cost"
            ]
        }
    },
    "timestamp": 17695003098095611,
    "total_resources": 800,
    "total_targets": 74
}