{
    "algorithm_results": [
        {
            "algorithm_name": "Greedy_Time",
            "evaluation_result": {
                "computation_time": 0.3954967,
                "cost_score": 0.6553766856325896,
                "coverage_score": 1.2,
                "detailed_metrics": {
                    "normalized_scores": {
                        "cost": 0.6553766856325896,
                        "coverage": 1.2,
                        "difference": 1.0,
                        "resources": 1.7429193899782136,
                        "time": 0.7395161655848261
                    },
                    "raw_metrics": {
                        "covered_targets": 79,
                        "difference": 0.0,
                        "max_completion_time": 0.6522354838709677,
                        "resource_utilization_rate": 0.47375,
                        "total_cost": 262.9200289866655,
                        "total_targets": 79,
                        "tour_count": 379
                    }
                },
                "feasibility_score": 0.0,
                "is_feasible": true,
                "resource_score": 1.7429193899782136,
                "time_score": 0.7395161655848261,
                "total_score": 0.9903942298093398
            },
            "ranking_score": 0.9903942298093398
        },
        {
            "algorithm_name": "Greedy_Cost",
            "evaluation_result": {
                "computation_time": 0.3900475,
                "cost_score": 0.7312261553565559,
                "coverage_score": 1.2,
                "detailed_metrics": {
                    "normalized_scores": {
                        "cost": 0.7312261553565559,
                        "coverage": 1.2,
                        "difference": 1.0,
                        "resources": 1.7429193899782136,
                        "time": 0.7354870027188503
                    },
                    "raw_metrics": {
                        "covered_targets": 79,
                        "difference": 0.0,
                        "max_completion_time": 0.6596433333333334,
                        "resource_utilization_rate": 0.47375,
                        "total_cost": 183.78298059673912,
                        "total_targets": 79,
                        "tour_count": 379
                    }
                },
                "feasibility_score": 0.0,
                "is_feasible": true,
                "resource_score": 1.7429193899782136,
                "time_score": 0.7354870027188503,
                "total_score": 1.0203311014123286
            },
            "ranking_score": 1.0203311014123286
        },
        {
            "algorithm_name": "Greedy_Difference",
            "evaluation_result": {
                "computation_time": 0.0,
                "cost_score": 0.0,
                "coverage_score": 0.0,
                "detailed_metrics": null,
                "feasibility_score": 0.0,
                "is_feasible": false,
                "resource_score": 0.0,
                "time_score": 0.0,
                "total_score": 0.0
            },
            "ranking_score": 0.0
        },
        {
            "algorithm_name": "NSGAII",
            "evaluation_result": {
                "computation_time": 6.5801279,
                "cost_score": 0.6493842147178708,
                "coverage_score": 1.2,
                "detailed_metrics": {
                    "normalized_scores": {
                        "cost": 0.6493842147178708,
                        "coverage": 1.2,
                        "difference": 1.0,
                        "resources": 1.7429193899782136,
                        "time": 0.731404990491735
                    },
                    "raw_metrics": {
                        "covered_targets": 79,
                        "difference": 0.0,
                        "max_completion_time": 0.6672315789473685,
                        "resource_utilization_rate": 0.47375,
                        "total_cost": 269.96020024482465,
                        "total_targets": 79,
                        "tour_count": 379
                    }
                },
                "feasibility_score": 0.0,
                "is_feasible": false,
                "resource_score": 1.7429193899782136,
                "time_score": 0.731404990491735,
                "total_score": 0.0
            },
            "ranking_score": 0.0
        },
        {
            "algorithm_name": "Exact_Time",
            "evaluation_result": {
                "computation_time": 0.0,
                "cost_score": 0.0,
                "coverage_score": 0.0,
                "detailed_metrics": null,
                "feasibility_score": 0.0,
                "is_feasible": false,
                "resource_score": 0.0,
                "time_score": 0.0,
                "total_score": 0.0
            },
            "ranking_score": 0.0
        },
        {
            "algorithm_name": "Exact_Cost",
            "evaluation_result": {
                "computation_time": 0.0,
                "cost_score": 0.0,
                "coverage_score": 0.0,
                "detailed_metrics": null,
                "feasibility_score": 0.0,
                "is_feasible": false,
                "resource_score": 0.0,
                "time_score": 0.0,
                "total_score": 0.0
            },
            "ranking_score": 0.0
        }
    ],
    "decision_preference": 1.0,
    "scenario_name": "scenario_152_T79_R800",
    "statistics": {
        "counts": {
            "acceptable_solution_count": 2,
            "cost_optimal_count": 1,
            "coverage_optimal_count": 2,
            "fast_solution_count": 2,
            "feasible_algorithms": 2,
            "time_optimal_count": 2,
            "total_algorithms": 6
        },
        "optimal_algorithms": {
            "cost_optimal": [
                "Greedy_Cost"
            ],
            "coverage_optimal": [
                "Greedy_Time",
                "Greedy_Cost"
            ],
            "time_optimal": [
                "Greedy_Time",
                "Greedy_Cost"
            ]
        },
        "performance_algorithms": {
            "acceptable_solutions_5s_gap5": [
                "Greedy_Time",
                "Greedy_Cost"
            ],
            "fast_solutions_1s": [
                "Greedy_Time",
                "Greedy_Cost"
            ]
        }
    },
    "timestamp": 17695003828704126,
    "total_resources": 800,
    "total_targets": 79
}