{
    "algorithm_results": [
        {
            "algorithm_name": "Greedy_Time",
            "evaluation_result": {
                "computation_time": 0.190472,
                "cost_score": 0.7213924230745896,
                "coverage_score": 1.2,
                "detailed_metrics": {
                    "normalized_scores": {
                        "cost": 0.7213924230745896,
                        "coverage": 1.2,
                        "difference": 1.0,
                        "resources": 1.9590189382179448,
                        "time": 0.7182369856813359
                    },
                    "raw_metrics": {
                        "covered_targets": 54,
                        "difference": 0.0,
                        "max_completion_time": 0.6922981132075472,
                        "resource_utilization_rate": 0.410459587955626,
                        "total_cost": 193.10403603768043,
                        "total_targets": 54,
                        "tour_count": 259
                    }
                },
                "feasibility_score": 0.0,
                "is_feasible": true,
                "resource_score": 1.9590189382179448,
                "time_score": 0.7182369856813359,
                "total_score": 1.036282561619764
            },
            "ranking_score": 1.036282561619764
        },
        {
            "algorithm_name": "Greedy_Cost",
            "evaluation_result": {
                "computation_time": 0.1909063,
                "cost_score": 0.79691487873245,
                "coverage_score": 1.2,
                "detailed_metrics": {
                    "normalized_scores": {
                        "cost": 0.79691487873245,
                        "coverage": 1.2,
                        "difference": 1.0,
                        "resources": 1.9590189382179448,
                        "time": 0.7182369856813359
                    },
                    "raw_metrics": {
                        "covered_targets": 54,
                        "difference": 0.0,
                        "max_completion_time": 0.6922981132075472,
                        "resource_utilization_rate": 0.410459587955626,
                        "total_cost": 127.41958186962913,
                        "total_targets": 54,
                        "tour_count": 259
                    }
                },
                "feasibility_score": 0.0,
                "is_feasible": true,
                "resource_score": 1.9590189382179448,
                "time_score": 0.7182369856813359,
                "total_score": 1.0664915438829081
            },
            "ranking_score": 1.0664915438829081
        },
        {
            "algorithm_name": "Greedy_Difference",
            "evaluation_result": {
                "computation_time": 0.0,
                "cost_score": 0.0,
                "coverage_score": 0.0,
                "detailed_metrics": null,
                "feasibility_score": 0.0,
                "is_feasible": false,
                "resource_score": 0.0,
                "time_score": 0.0,
                "total_score": 0.0
            },
            "ranking_score": 0.0
        },
        {
            "algorithm_name": "NSGAII",
            "evaluation_result": {
                "computation_time": 3.8515612,
                "cost_score": 0.7140660204451796,
                "coverage_score": 1.2,
                "detailed_metrics": {
                    "normalized_scores": {
                        "cost": 0.7140660204451796,
                        "coverage": 1.2,
                        "difference": 1.0,
                        "resources": 1.977436540269508,
                        "time": 0.7182369856813359
                    },
                    "raw_metrics": {
                        "covered_targets": 54,
                        "difference": 0.0,
                        "max_completion_time": 0.6922981132075472,
                        "resource_utilization_rate": 0.40570522979397783,
                        "total_cost": 200.21536620420395,
                        "total_targets": 54,
                        "tour_count": 256
                    }
                },
                "feasibility_score": 0.0,
                "is_feasible": true,
                "resource_score": 1.977436540269508,
                "time_score": 0.7182369856813359,
                "total_score": 1.0351937607731563
            },
            "ranking_score": 1.0351937607731563
        },
        {
            "algorithm_name": "Exact_Time",
            "evaluation_result": {
                "computation_time": 0.0,
                "cost_score": 0.0,
                "coverage_score": 0.0,
                "detailed_metrics": null,
                "feasibility_score": 0.0,
                "is_feasible": false,
                "resource_score": 0.0,
                "time_score": 0.0,
                "total_score": 0.0
            },
            "ranking_score": 0.0
        },
        {
            "algorithm_name": "Exact_Cost",
            "evaluation_result": {
                "computation_time": 0.0,
                "cost_score": 0.0,
                "coverage_score": 0.0,
                "detailed_metrics": null,
                "feasibility_score": 0.0,
                "is_feasible": false,
                "resource_score": 0.0,
                "time_score": 0.0,
                "total_score": 0.0
            },
            "ranking_score": 0.0
        }
    ],
    "decision_preference": 1.0,
    "scenario_name": "scenario_153_T54_R631",
    "statistics": {
        "counts": {
            "acceptable_solution_count": 3,
            "cost_optimal_count": 1,
            "coverage_optimal_count": 3,
            "fast_solution_count": 2,
            "feasible_algorithms": 3,
            "time_optimal_count": 3,
            "total_algorithms": 6
        },
        "optimal_algorithms": {
            "cost_optimal": [
                "Greedy_Cost"
            ],
            "coverage_optimal": [
                "Greedy_Time",
                "Greedy_Cost",
                "NSGAII"
            ],
            "time_optimal": [
                "Greedy_Time",
                "Greedy_Cost",
                "NSGAII"
            ]
        },
        "performance_algorithms": {
            "acceptable_solutions_5s_gap5": [
                "Greedy_Time",
                "Greedy_Cost",
                "NSGAII"
            ],
            "fast_solutions_1s": [
                "Greedy_Time",
                "Greedy_Cost"
            ]
        }
    },
    "timestamp": 17695003905295858,
    "total_resources": 631,
    "total_targets": 54
}