{
    "algorithm_results": [
        {
            "algorithm_name": "Greedy_Time",
            "evaluation_result": {
                "computation_time": 0.2915987,
                "cost_score": 0.6504984537443467,
                "coverage_score": 1.2,
                "detailed_metrics": {
                    "normalized_scores": {
                        "cost": 0.6504984537443467,
                        "coverage": 1.2,
                        "difference": 1.0,
                        "resources": 1.9989775051124743,
                        "time": 0.5837417618013127
                    },
                    "raw_metrics": {
                        "covered_targets": 67,
                        "difference": 0.0,
                        "max_completion_time": 1.013086274509804,
                        "resource_utilization_rate": 0.40025575447570333,
                        "total_cost": 268.64133515143715,
                        "total_targets": 67,
                        "tour_count": 313
                    }
                },
                "feasibility_score": 0.0,
                "is_feasible": true,
                "resource_score": 1.9989775051124743,
                "time_score": 0.5837417618013127,
                "total_score": 0.9817821352033589
            },
            "ranking_score": 0.9817821352033589
        },
        {
            "algorithm_name": "Greedy_Cost",
            "evaluation_result": {
                "computation_time": 0.290765,
                "cost_score": 0.7397191367318109,
                "coverage_score": 1.2,
                "detailed_metrics": {
                    "normalized_scores": {
                        "cost": 0.7397191367318109,
                        "coverage": 1.2,
                        "difference": 1.0,
                        "resources": 1.9989775051124743,
                        "time": 0.5837417618013127
                    },
                    "raw_metrics": {
                        "covered_targets": 67,
                        "difference": 0.0,
                        "max_completion_time": 1.013086274509804,
                        "resource_utilization_rate": 0.40025575447570333,
                        "total_cost": 175.93222234194772,
                        "total_targets": 67,
                        "tour_count": 313
                    }
                },
                "feasibility_score": 0.0,
                "is_feasible": true,
                "resource_score": 1.9989775051124743,
                "time_score": 0.5837417618013127,
                "total_score": 0.9951652376514785
            },
            "ranking_score": 0.9951652376514785
        },
        {
            "algorithm_name": "Greedy_Difference",
            "evaluation_result": {
                "computation_time": 0.0,
                "cost_score": 0.0,
                "coverage_score": 0.0,
                "detailed_metrics": null,
                "feasibility_score": 0.0,
                "is_feasible": false,
                "resource_score": 0.0,
                "time_score": 0.0,
                "total_score": 0.0
            },
            "ranking_score": 0.0
        },
        {
            "algorithm_name": "NSGAII",
            "evaluation_result": {
                "computation_time": 5.3635706,
                "cost_score": 0.7366654099745059,
                "coverage_score": 1.2,
                "detailed_metrics": {
                    "normalized_scores": {
                        "cost": 0.7366654099745059,
                        "coverage": 1.2,
                        "difference": 1.0,
                        "resources": 2.0092497430626928,
                        "time": 0.5072814397427693
                    },
                    "raw_metrics": {
                        "covered_targets": 67,
                        "difference": 0.0,
                        "max_completion_time": 1.2712923076923077,
                        "resource_utilization_rate": 0.3976982097186701,
                        "total_cost": 178.73418953837356,
                        "total_targets": 67,
                        "tour_count": 311
                    }
                },
                "feasibility_score": 0.0,
                "is_feasible": false,
                "resource_score": 2.0092497430626928,
                "time_score": 0.5072814397427693,
                "total_score": 0.0
            },
            "ranking_score": 0.0
        },
        {
            "algorithm_name": "Exact_Time",
            "evaluation_result": {
                "computation_time": 0.0,
                "cost_score": 0.0,
                "coverage_score": 0.0,
                "detailed_metrics": null,
                "feasibility_score": 0.0,
                "is_feasible": false,
                "resource_score": 0.0,
                "time_score": 0.0,
                "total_score": 0.0
            },
            "ranking_score": 0.0
        },
        {
            "algorithm_name": "Exact_Cost",
            "evaluation_result": {
                "computation_time": 0.0,
                "cost_score": 0.0,
                "coverage_score": 0.0,
                "detailed_metrics": null,
                "feasibility_score": 0.0,
                "is_feasible": false,
                "resource_score": 0.0,
                "time_score": 0.0,
                "total_score": 0.0
            },
            "ranking_score": 0.0
        }
    ],
    "decision_preference": 0.0,
    "scenario_name": "scenario_186_T67_R782",
    "statistics": {
        "counts": {
            "acceptable_solution_count": 2,
            "cost_optimal_count": 1,
            "coverage_optimal_count": 2,
            "fast_solution_count": 2,
            "feasible_algorithms": 2,
            "time_optimal_count": 2,
            "total_algorithms": 6
        },
        "optimal_algorithms": {
            "cost_optimal": [
                "Greedy_Cost"
            ],
            "coverage_optimal": [
                "Greedy_Time",
                "Greedy_Cost"
            ],
            "time_optimal": [
                "Greedy_Time",
                "Greedy_Cost"
            ]
        },
        "performance_algorithms": {
            "acceptable_solutions_5s_gap5": [
                "Greedy_Time",
                "Greedy_Cost"
            ],
            "fast_solutions_1s": [
                "Greedy_Time",
                "Greedy_Cost"
            ]
        }
    },
    "timestamp": 17695004760036283,
    "total_resources": 782,
    "total_targets": 67
}