{
    "algorithm_results": [
        {
            "algorithm_name": "Greedy_Time",
            "evaluation_result": {
                "computation_time": 0.257543,
                "cost_score": 0.6883511133223864,
                "coverage_score": 1.2,
                "detailed_metrics": {
                    "normalized_scores": {
                        "cost": 0.6883511133223864,
                        "coverage": 1.2,
                        "difference": 1.0,
                        "resources": 2.072123640526617,
                        "time": 0.6525262256222134
                    },
                    "raw_metrics": {
                        "covered_targets": 62,
                        "difference": 0.0,
                        "max_completion_time": 0.8325054545454545,
                        "resource_utilization_rate": 0.3825966850828729,
                        "total_cost": 226.37348923096326,
                        "total_targets": 62,
                        "tour_count": 277
                    }
                },
                "feasibility_score": 0.0,
                "is_feasible": true,
                "resource_score": 2.072123640526617,
                "time_score": 0.6525262256222134,
                "total_score": 1.0188492100187945
            },
            "ranking_score": 1.0188492100187945
        },
        {
            "algorithm_name": "Greedy_Cost",
            "evaluation_result": {
                "computation_time": 0.2573673,
                "cost_score": 0.7778069579310227,
                "coverage_score": 1.2,
                "detailed_metrics": {
                    "normalized_scores": {
                        "cost": 0.7778069579310227,
                        "coverage": 1.2,
                        "difference": 1.0,
                        "resources": 2.072123640526617,
                        "time": 0.6339312265301371
                    },
                    "raw_metrics": {
                        "covered_targets": 62,
                        "difference": 0.0,
                        "max_completion_time": 0.8774581818181818,
                        "resource_utilization_rate": 0.3825966850828729,
                        "total_cost": 142.833025472036,
                        "total_targets": 62,
                        "tour_count": 277
                    }
                },
                "feasibility_score": 0.0,
                "is_feasible": true,
                "resource_score": 2.072123640526617,
                "time_score": 0.6339312265301371,
                "total_score": 1.025759337027863
            },
            "ranking_score": 1.025759337027863
        },
        {
            "algorithm_name": "Greedy_Difference",
            "evaluation_result": {
                "computation_time": 0.0,
                "cost_score": 0.0,
                "coverage_score": 0.0,
                "detailed_metrics": null,
                "feasibility_score": 0.0,
                "is_feasible": false,
                "resource_score": 0.0,
                "time_score": 0.0,
                "total_score": 0.0
            },
            "ranking_score": 0.0
        },
        {
            "algorithm_name": "NSGAII",
            "evaluation_result": {
                "computation_time": 4.8795743,
                "cost_score": 0.7671742484140787,
                "coverage_score": 1.2,
                "detailed_metrics": {
                    "normalized_scores": {
                        "cost": 0.7671742484140787,
                        "coverage": 1.2,
                        "difference": 1.0,
                        "resources": 2.114485981308411,
                        "time": 0.6339312265301371
                    },
                    "raw_metrics": {
                        "covered_targets": 62,
                        "difference": 0.0,
                        "max_completion_time": 0.8774581818181818,
                        "resource_utilization_rate": 0.3729281767955801,
                        "total_cost": 151.7424184057432,
                        "total_targets": 62,
                        "tour_count": 270
                    }
                },
                "feasibility_score": 0.0,
                "is_feasible": true,
                "resource_score": 2.114485981308411,
                "time_score": 0.6339312265301371,
                "total_score": 1.0284006646785009
            },
            "ranking_score": 1.0284006646785009
        },
        {
            "algorithm_name": "Exact_Time",
            "evaluation_result": {
                "computation_time": 0.0,
                "cost_score": 0.0,
                "coverage_score": 0.0,
                "detailed_metrics": null,
                "feasibility_score": 0.0,
                "is_feasible": false,
                "resource_score": 0.0,
                "time_score": 0.0,
                "total_score": 0.0
            },
            "ranking_score": 0.0
        },
        {
            "algorithm_name": "Exact_Cost",
            "evaluation_result": {
                "computation_time": 0.0,
                "cost_score": 0.0,
                "coverage_score": 0.0,
                "detailed_metrics": null,
                "feasibility_score": 0.0,
                "is_feasible": false,
                "resource_score": 0.0,
                "time_score": 0.0,
                "total_score": 0.0
            },
            "ranking_score": 0.0
        }
    ],
    "decision_preference": 0.0,
    "scenario_name": "scenario_87_T62_R724",
    "statistics": {
        "counts": {
            "acceptable_solution_count": 3,
            "cost_optimal_count": 1,
            "coverage_optimal_count": 3,
            "fast_solution_count": 2,
            "feasible_algorithms": 3,
            "time_optimal_count": 1,
            "total_algorithms": 6
        },
        "optimal_algorithms": {
            "cost_optimal": [
                "Greedy_Cost"
            ],
            "coverage_optimal": [
                "Greedy_Time",
                "Greedy_Cost",
                "NSGAII"
            ],
            "time_optimal": [
                "Greedy_Time"
            ]
        },
        "performance_algorithms": {
            "acceptable_solutions_5s_gap5": [
                "Greedy_Time",
                "Greedy_Cost",
                "NSGAII"
            ],
            "fast_solutions_1s": [
                "Greedy_Time",
                "Greedy_Cost"
            ]
        }
    },
    "timestamp": 17695007061841778,
    "total_resources": 724,
    "total_targets": 62
}