{
    "algorithm_results": [
        {
            "algorithm_name": "Greedy_Time",
            "evaluation_result": {
                "computation_time": 0.3668227,
                "cost_score": 0.6496895547071796,
                "coverage_score": 1.2,
                "detailed_metrics": {
                    "normalized_scores": {
                        "cost": 0.6496895547071796,
                        "coverage": 1.2,
                        "difference": 1.0,
                        "resources": 1.8390804597701151,
                        "time": 0.7512777328007858
                    },
                    "raw_metrics": {
                        "covered_targets": 77,
                        "difference": 0.0,
                        "max_completion_time": 0.6310656716417911,
                        "resource_utilization_rate": 0.44375,
                        "total_cost": 269.5983356625675,
                        "total_targets": 77,
                        "tour_count": 355
                    }
                },
                "feasibility_score": 0.0,
                "is_feasible": true,
                "resource_score": 1.8390804597701151,
                "time_score": 0.7512777328007858,
                "total_score": 0.9989116411399619
            },
            "ranking_score": 0.9989116411399619
        },
        {
            "algorithm_name": "Greedy_Cost",
            "evaluation_result": {
                "computation_time": 0.3683565,
                "cost_score": 0.732571679717865,
                "coverage_score": 1.2,
                "detailed_metrics": {
                    "normalized_scores": {
                        "cost": 0.732571679717865,
                        "coverage": 1.2,
                        "difference": 1.0,
                        "resources": 1.8390804597701151,
                        "time": 0.7512777328007858
                    },
                    "raw_metrics": {
                        "covered_targets": 77,
                        "difference": 0.0,
                        "max_completion_time": 0.6310656716417911,
                        "resource_utilization_rate": 0.44375,
                        "total_cost": 182.52706710224567,
                        "total_targets": 77,
                        "tour_count": 355
                    }
                },
                "feasibility_score": 0.0,
                "is_feasible": true,
                "resource_score": 1.8390804597701151,
                "time_score": 0.7512777328007858,
                "total_score": 1.032064491144236
            },
            "ranking_score": 1.032064491144236
        },
        {
            "algorithm_name": "Greedy_Difference",
            "evaluation_result": {
                "computation_time": 0.0,
                "cost_score": 0.0,
                "coverage_score": 0.0,
                "detailed_metrics": null,
                "feasibility_score": 0.0,
                "is_feasible": false,
                "resource_score": 0.0,
                "time_score": 0.0,
                "total_score": 0.0
            },
            "ranking_score": 0.0
        },
        {
            "algorithm_name": "NSGAII",
            "evaluation_result": {
                "computation_time": 6.2752954,
                "cost_score": 0.7296700066491403,
                "coverage_score": 1.2,
                "detailed_metrics": {
                    "normalized_scores": {
                        "cost": 0.7296700066491403,
                        "coverage": 1.2,
                        "difference": 1.0,
                        "resources": 1.8561484918793505,
                        "time": 0.5669501417375354
                    },
                    "raw_metrics": {
                        "covered_targets": 77,
                        "difference": 0.0,
                        "max_completion_time": 1.0638235294117646,
                        "resource_utilization_rate": 0.43875,
                        "total_cost": 185.24126720810054,
                        "total_targets": 77,
                        "tour_count": 351
                    }
                },
                "feasibility_score": 0.0,
                "is_feasible": false,
                "resource_score": 1.8561484918793505,
                "time_score": 0.5669501417375354,
                "total_score": 0.0
            },
            "ranking_score": 0.0
        },
        {
            "algorithm_name": "Exact_Time",
            "evaluation_result": {
                "computation_time": 0.0,
                "cost_score": 0.0,
                "coverage_score": 0.0,
                "detailed_metrics": null,
                "feasibility_score": 0.0,
                "is_feasible": false,
                "resource_score": 0.0,
                "time_score": 0.0,
                "total_score": 0.0
            },
            "ranking_score": 0.0
        },
        {
            "algorithm_name": "Exact_Cost",
            "evaluation_result": {
                "computation_time": 0.0,
                "cost_score": 0.0,
                "coverage_score": 0.0,
                "detailed_metrics": null,
                "feasibility_score": 0.0,
                "is_feasible": false,
                "resource_score": 0.0,
                "time_score": 0.0,
                "total_score": 0.0
            },
            "ranking_score": 0.0
        }
    ],
    "decision_preference": 1.0,
    "scenario_name": "scenario_103_T77_R800",
    "statistics": {
        "counts": {
            "acceptable_solution_count": 2,
            "cost_optimal_count": 1,
            "coverage_optimal_count": 2,
            "fast_solution_count": 2,
            "feasible_algorithms": 2,
            "time_optimal_count": 2,
            "total_algorithms": 6
        },
        "optimal_algorithms": {
            "cost_optimal": [
                "Greedy_Cost"
            ],
            "coverage_optimal": [
                "Greedy_Time",
                "Greedy_Cost"
            ],
            "time_optimal": [
                "Greedy_Time",
                "Greedy_Cost"
            ]
        },
        "performance_algorithms": {
            "acceptable_solutions_5s_gap5": [
                "Greedy_Time",
                "Greedy_Cost"
            ],
            "fast_solutions_1s": [
                "Greedy_Time",
                "Greedy_Cost"
            ]
        }
    },
    "timestamp": 17695002024693770,
    "total_resources": 800,
    "total_targets": 77
}