{
    "algorithm_results": [
        {
            "algorithm_name": "Greedy_Time",
            "evaluation_result": {
                "computation_time": 0.2976304,
                "cost_score": 0.6863086057093777,
                "coverage_score": 1.2,
                "detailed_metrics": {
                    "normalized_scores": {
                        "cost": 0.6863086057093777,
                        "coverage": 1.2,
                        "difference": 1.0,
                        "resources": 1.9737506309944473,
                        "time": 0.7935177089197379
                    },
                    "raw_metrics": {
                        "covered_targets": 67,
                        "difference": 0.0,
                        "max_completion_time": 0.5602113207547169,
                        "resource_utilization_rate": 0.40664961636828645,
                        "total_cost": 228.53523304314882,
                        "total_targets": 67,
                        "tour_count": 318
                    }
                },
                "feasibility_score": 0.0,
                "is_feasible": true,
                "resource_score": 1.9737506309944473,
                "time_score": 0.7935177089197379,
                "total_score": 1.0580525520777595
            },
            "ranking_score": 1.0580525520777595
        },
        {
            "algorithm_name": "Greedy_Cost",
            "evaluation_result": {
                "computation_time": 0.2982719,
                "cost_score": 0.7949677407940225,
                "coverage_score": 1.2,
                "detailed_metrics": {
                    "normalized_scores": {
                        "cost": 0.7949677407940225,
                        "coverage": 1.2,
                        "difference": 1.0,
                        "resources": 1.9737506309944473,
                        "time": 0.7780776618766262
                    },
                    "raw_metrics": {
                        "covered_targets": 67,
                        "difference": 0.0,
                        "max_completion_time": 0.58521875,
                        "resource_utilization_rate": 0.40664961636828645,
                        "total_cost": 128.95633915986886,
                        "total_targets": 67,
                        "tour_count": 318
                    }
                },
                "feasibility_score": 0.0,
                "is_feasible": true,
                "resource_score": 1.9737506309944473,
                "time_score": 0.7780776618766262,
                "total_score": 1.0689474058753672
            },
            "ranking_score": 1.0689474058753672
        },
        {
            "algorithm_name": "Greedy_Difference",
            "evaluation_result": {
                "computation_time": 0.0,
                "cost_score": 0.0,
                "coverage_score": 0.0,
                "detailed_metrics": null,
                "feasibility_score": 0.0,
                "is_feasible": false,
                "resource_score": 0.0,
                "time_score": 0.0,
                "total_score": 0.0
            },
            "ranking_score": 0.0
        },
        {
            "algorithm_name": "NSGAII",
            "evaluation_result": {
                "computation_time": 5.4839542,
                "cost_score": 0.7949677407940225,
                "coverage_score": 1.2,
                "detailed_metrics": {
                    "normalized_scores": {
                        "cost": 0.7949677407940225,
                        "coverage": 1.2,
                        "difference": 1.0,
                        "resources": 1.9737506309944473,
                        "time": 0.7780776618766262
                    },
                    "raw_metrics": {
                        "covered_targets": 67,
                        "difference": 0.0,
                        "max_completion_time": 0.58521875,
                        "resource_utilization_rate": 0.40664961636828645,
                        "total_cost": 128.95633915986886,
                        "total_targets": 67,
                        "tour_count": 318
                    }
                },
                "feasibility_score": 0.0,
                "is_feasible": false,
                "resource_score": 1.9737506309944473,
                "time_score": 0.7780776618766262,
                "total_score": 0.0
            },
            "ranking_score": 0.0
        },
        {
            "algorithm_name": "Exact_Time",
            "evaluation_result": {
                "computation_time": 0.0,
                "cost_score": 0.0,
                "coverage_score": 0.0,
                "detailed_metrics": null,
                "feasibility_score": 0.0,
                "is_feasible": false,
                "resource_score": 0.0,
                "time_score": 0.0,
                "total_score": 0.0
            },
            "ranking_score": 0.0
        },
        {
            "algorithm_name": "Exact_Cost",
            "evaluation_result": {
                "computation_time": 0.0,
                "cost_score": 0.0,
                "coverage_score": 0.0,
                "detailed_metrics": null,
                "feasibility_score": 0.0,
                "is_feasible": false,
                "resource_score": 0.0,
                "time_score": 0.0,
                "total_score": 0.0
            },
            "ranking_score": 0.0
        }
    ],
    "decision_preference": 0.0,
    "scenario_name": "scenario_142_T67_R782",
    "statistics": {
        "counts": {
            "acceptable_solution_count": 2,
            "cost_optimal_count": 1,
            "coverage_optimal_count": 2,
            "fast_solution_count": 2,
            "feasible_algorithms": 2,
            "time_optimal_count": 2,
            "total_algorithms": 6
        },
        "optimal_algorithms": {
            "cost_optimal": [
                "Greedy_Cost"
            ],
            "coverage_optimal": [
                "Greedy_Time",
                "Greedy_Cost"
            ],
            "time_optimal": [
                "Greedy_Time",
                "Greedy_Cost"
            ]
        },
        "performance_algorithms": {
            "acceptable_solutions_5s_gap5": [
                "Greedy_Time",
                "Greedy_Cost"
            ],
            "fast_solutions_1s": [
                "Greedy_Time",
                "Greedy_Cost"
            ]
        }
    },
    "timestamp": 17695003446910816,
    "total_resources": 782,
    "total_targets": 67
}