{
    "algorithm_results": [
        {
            "algorithm_name": "Greedy_Time",
            "evaluation_result": {
                "computation_time": 0.1865739,
                "cost_score": 0.7351658416954157,
                "coverage_score": 1.2,
                "detailed_metrics": {
                    "normalized_scores": {
                        "cost": 0.7351658416954157,
                        "coverage": 1.2,
                        "difference": 1.0,
                        "resources": 2.0153305653145956,
                        "time": 0.7955316244755771
                    },
                    "raw_metrics": {
                        "covered_targets": 54,
                        "difference": 0.0,
                        "max_completion_time": 0.557021052631579,
                        "resource_utilization_rate": 0.39619651347068147,
                        "total_cost": 180.1186502992524,
                        "total_targets": 54,
                        "tour_count": 250
                    }
                },
                "feasibility_score": 0.0,
                "is_feasible": true,
                "resource_score": 2.0153305653145956,
                "time_score": 0.7955316244755771,
                "total_score": 1.0551525556571835
            },
            "ranking_score": 1.0551525556571835
        },
        {
            "algorithm_name": "Greedy_Cost",
            "evaluation_result": {
                "computation_time": 0.1865698,
                "cost_score": 0.8190944703117014,
                "coverage_score": 1.2,
                "detailed_metrics": {
                    "normalized_scores": {
                        "cost": 0.8190944703117014,
                        "coverage": 1.2,
                        "difference": 1.0,
                        "resources": 2.0153305653145956,
                        "time": 0.7529976150511902
                    },
                    "raw_metrics": {
                        "covered_targets": 54,
                        "difference": 0.0,
                        "max_completion_time": 0.6280254545454546,
                        "resource_utilization_rate": 0.39619651347068147,
                        "total_cost": 110.43019837471012,
                        "total_targets": 54,
                        "tour_count": 250
                    }
                },
                "feasibility_score": 0.0,
                "is_feasible": true,
                "resource_score": 2.0153305653145956,
                "time_score": 0.7529976150511902,
                "total_score": 1.084470606161259
            },
            "ranking_score": 1.084470606161259
        },
        {
            "algorithm_name": "Greedy_Difference",
            "evaluation_result": {
                "computation_time": 0.0,
                "cost_score": 0.0,
                "coverage_score": 0.0,
                "detailed_metrics": null,
                "feasibility_score": 0.0,
                "is_feasible": false,
                "resource_score": 0.0,
                "time_score": 0.0,
                "total_score": 0.0
            },
            "ranking_score": 0.0
        },
        {
            "algorithm_name": "NSGAII",
            "evaluation_result": {
                "computation_time": 3.7488196,
                "cost_score": 0.8190944703117014,
                "coverage_score": 1.2,
                "detailed_metrics": {
                    "normalized_scores": {
                        "cost": 0.8190944703117014,
                        "coverage": 1.2,
                        "difference": 1.0,
                        "resources": 2.0153305653145956,
                        "time": 0.7529976150511902
                    },
                    "raw_metrics": {
                        "covered_targets": 54,
                        "difference": 0.0,
                        "max_completion_time": 0.6280254545454546,
                        "resource_utilization_rate": 0.39619651347068147,
                        "total_cost": 110.43019837471012,
                        "total_targets": 54,
                        "tour_count": 250
                    }
                },
                "feasibility_score": 0.0,
                "is_feasible": true,
                "resource_score": 2.0153305653145956,
                "time_score": 0.7529976150511902,
                "total_score": 1.084470606161259
            },
            "ranking_score": 1.084470606161259
        },
        {
            "algorithm_name": "Exact_Time",
            "evaluation_result": {
                "computation_time": 0.0,
                "cost_score": 0.0,
                "coverage_score": 0.0,
                "detailed_metrics": null,
                "feasibility_score": 0.0,
                "is_feasible": false,
                "resource_score": 0.0,
                "time_score": 0.0,
                "total_score": 0.0
            },
            "ranking_score": 0.0
        },
        {
            "algorithm_name": "Exact_Cost",
            "evaluation_result": {
                "computation_time": 0.0,
                "cost_score": 0.0,
                "coverage_score": 0.0,
                "detailed_metrics": null,
                "feasibility_score": 0.0,
                "is_feasible": false,
                "resource_score": 0.0,
                "time_score": 0.0,
                "total_score": 0.0
            },
            "ranking_score": 0.0
        }
    ],
    "decision_preference": 1.0,
    "scenario_name": "scenario_69_T54_R631",
    "statistics": {
        "counts": {
            "acceptable_solution_count": 3,
            "cost_optimal_count": 2,
            "coverage_optimal_count": 3,
            "fast_solution_count": 2,
            "feasible_algorithms": 3,
            "time_optimal_count": 1,
            "total_algorithms": 6
        },
        "optimal_algorithms": {
            "cost_optimal": [
                "Greedy_Cost",
                "NSGAII"
            ],
            "coverage_optimal": [
                "Greedy_Time",
                "Greedy_Cost",
                "NSGAII"
            ],
            "time_optimal": [
                "Greedy_Time"
            ]
        },
        "performance_algorithms": {
            "acceptable_solutions_5s_gap5": [
                "Greedy_Time",
                "Greedy_Cost",
                "NSGAII"
            ],
            "fast_solutions_1s": [
                "Greedy_Time",
                "Greedy_Cost"
            ]
        }
    },
    "timestamp": 17695006637979040,
    "total_resources": 631,
    "total_targets": 54
}