{
    "algorithm_results": [
        {
            "algorithm_name": "Greedy_Time",
            "evaluation_result": {
                "computation_time": 0.2201172,
                "cost_score": 0.7126952089589931,
                "coverage_score": 1.2,
                "detailed_metrics": {
                    "normalized_scores": {
                        "cost": 0.7126952089589931,
                        "coverage": 1.2,
                        "difference": 1.0,
                        "resources": 1.9929349425964087,
                        "time": 0.7984481309769078
                    },
                    "raw_metrics": {
                        "covered_targets": 58,
                        "difference": 0.0,
                        "max_completion_time": 0.5524295081967213,
                        "resource_utilization_rate": 0.4017725258493353,
                        "total_cost": 201.5621737240679,
                        "total_targets": 58,
                        "tour_count": 272
                    }
                },
                "feasibility_score": 0.0,
                "is_feasible": true,
                "resource_score": 1.9929349425964087,
                "time_score": 0.7984481309769078,
                "total_score": 1.0656546214454077
            },
            "ranking_score": 1.0656546214454077
        },
        {
            "algorithm_name": "Greedy_Cost",
            "evaluation_result": {
                "computation_time": 0.2190059,
                "cost_score": 0.7963428512278212,
                "coverage_score": 1.2,
                "detailed_metrics": {
                    "normalized_scores": {
                        "cost": 0.7963428512278212,
                        "coverage": 1.2,
                        "difference": 1.0,
                        "resources": 1.9929349425964087,
                        "time": 0.7699762369402738
                    },
                    "raw_metrics": {
                        "covered_targets": 58,
                        "difference": 0.0,
                        "max_completion_time": 0.5987413793103448,
                        "resource_utilization_rate": 0.4017725258493353,
                        "total_cost": 127.87026872795747,
                        "total_targets": 58,
                        "tour_count": 272
                    }
                },
                "feasibility_score": 0.0,
                "is_feasible": true,
                "resource_score": 1.9929349425964087,
                "time_score": 0.7699762369402738,
                "total_score": 1.06823660487291
            },
            "ranking_score": 1.06823660487291
        },
        {
            "algorithm_name": "Greedy_Difference",
            "evaluation_result": {
                "computation_time": 0.0,
                "cost_score": 0.0,
                "coverage_score": 0.0,
                "detailed_metrics": null,
                "feasibility_score": 0.0,
                "is_feasible": false,
                "resource_score": 0.0,
                "time_score": 0.0,
                "total_score": 0.0
            },
            "ranking_score": 0.0
        },
        {
            "algorithm_name": "NSGAII",
            "evaluation_result": {
                "computation_time": 4.2876484,
                "cost_score": 0.7963428512278212,
                "coverage_score": 1.2,
                "detailed_metrics": {
                    "normalized_scores": {
                        "cost": 0.7963428512278212,
                        "coverage": 1.2,
                        "difference": 1.0,
                        "resources": 1.9929349425964087,
                        "time": 0.7699762369402738
                    },
                    "raw_metrics": {
                        "covered_targets": 58,
                        "difference": 0.0,
                        "max_completion_time": 0.5987413793103448,
                        "resource_utilization_rate": 0.4017725258493353,
                        "total_cost": 127.87026872795747,
                        "total_targets": 58,
                        "tour_count": 272
                    }
                },
                "feasibility_score": 0.0,
                "is_feasible": true,
                "resource_score": 1.9929349425964087,
                "time_score": 0.7699762369402738,
                "total_score": 1.06823660487291
            },
            "ranking_score": 1.06823660487291
        },
        {
            "algorithm_name": "Exact_Time",
            "evaluation_result": {
                "computation_time": 0.0,
                "cost_score": 0.0,
                "coverage_score": 0.0,
                "detailed_metrics": null,
                "feasibility_score": 0.0,
                "is_feasible": false,
                "resource_score": 0.0,
                "time_score": 0.0,
                "total_score": 0.0
            },
            "ranking_score": 0.0
        },
        {
            "algorithm_name": "Exact_Cost",
            "evaluation_result": {
                "computation_time": 0.0,
                "cost_score": 0.0,
                "coverage_score": 0.0,
                "detailed_metrics": null,
                "feasibility_score": 0.0,
                "is_feasible": false,
                "resource_score": 0.0,
                "time_score": 0.0,
                "total_score": 0.0
            },
            "ranking_score": 0.0
        }
    ],
    "decision_preference": 0.0,
    "scenario_name": "scenario_12_T58_R677",
    "statistics": {
        "counts": {
            "acceptable_solution_count": 3,
            "cost_optimal_count": 2,
            "coverage_optimal_count": 3,
            "fast_solution_count": 2,
            "feasible_algorithms": 3,
            "time_optimal_count": 1,
            "total_algorithms": 6
        },
        "optimal_algorithms": {
            "cost_optimal": [
                "Greedy_Cost",
                "NSGAII"
            ],
            "coverage_optimal": [
                "Greedy_Time",
                "Greedy_Cost",
                "NSGAII"
            ],
            "time_optimal": [
                "Greedy_Time"
            ]
        },
        "performance_algorithms": {
            "acceptable_solutions_5s_gap5": [
                "Greedy_Time",
                "Greedy_Cost",
                "NSGAII"
            ],
            "fast_solutions_1s": [
                "Greedy_Time",
                "Greedy_Cost"
            ]
        }
    },
    "timestamp": 17695002978527711,
    "total_resources": 677,
    "total_targets": 58
}