{
    "algorithm_results": [
        {
            "algorithm_name": "Greedy_Time",
            "evaluation_result": {
                "computation_time": 0.3584315,
                "cost_score": 0.6746227621247516,
                "coverage_score": 1.2,
                "detailed_metrics": {
                    "normalized_scores": {
                        "cost": 0.6746227621247516,
                        "coverage": 1.2,
                        "difference": 1.0,
                        "resources": 1.941747572815534,
                        "time": 0.688759696843695
                    },
                    "raw_metrics": {
                        "covered_targets": 75,
                        "difference": 0.0,
                        "max_completion_time": 0.7518851851851851,
                        "resource_utilization_rate": 0.415,
                        "total_cost": 241.15495069456267,
                        "total_targets": 75,
                        "tour_count": 332
                    }
                },
                "feasibility_score": 0.0,
                "is_feasible": true,
                "resource_score": 1.941747572815534,
                "time_score": 0.688759696843695,
                "total_score": 1.0164340654955595
            },
            "ranking_score": 1.0164340654955595
        },
        {
            "algorithm_name": "Greedy_Cost",
            "evaluation_result": {
                "computation_time": 0.3572861,
                "cost_score": 0.7593524756170166,
                "coverage_score": 1.2,
                "detailed_metrics": {
                    "normalized_scores": {
                        "cost": 0.7593524756170166,
                        "coverage": 1.2,
                        "difference": 1.0,
                        "resources": 1.941747572815534,
                        "time": 0.6821334101365025
                    },
                    "raw_metrics": {
                        "covered_targets": 75,
                        "difference": 0.0,
                        "max_completion_time": 0.7659888888888888,
                        "resource_utilization_rate": 0.415,
                        "total_cost": 158.45574493415833,
                        "total_targets": 75,
                        "tour_count": 332
                    }
                },
                "feasibility_score": 0.0,
                "is_feasible": true,
                "resource_score": 1.941747572815534,
                "time_score": 0.6821334101365025,
                "total_score": 1.0268243221718818
            },
            "ranking_score": 1.0268243221718818
        },
        {
            "algorithm_name": "Greedy_Difference",
            "evaluation_result": {
                "computation_time": 0.0,
                "cost_score": 0.0,
                "coverage_score": 0.0,
                "detailed_metrics": null,
                "feasibility_score": 0.0,
                "is_feasible": false,
                "resource_score": 0.0,
                "time_score": 0.0,
                "total_score": 0.0
            },
            "ranking_score": 0.0
        },
        {
            "algorithm_name": "NSGAII",
            "evaluation_result": {
                "computation_time": 6.0673664,
                "cost_score": 0.7522995472790719,
                "coverage_score": 1.2,
                "detailed_metrics": {
                    "normalized_scores": {
                        "cost": 0.7522995472790719,
                        "coverage": 1.2,
                        "difference": 1.0,
                        "resources": 1.941747572815534,
                        "time": 0.6821334101365025
                    },
                    "raw_metrics": {
                        "covered_targets": 75,
                        "difference": 0.0,
                        "max_completion_time": 0.7659888888888888,
                        "resource_utilization_rate": 0.415,
                        "total_cost": 164.62887264575312,
                        "total_targets": 75,
                        "tour_count": 332
                    }
                },
                "feasibility_score": 0.0,
                "is_feasible": false,
                "resource_score": 1.941747572815534,
                "time_score": 0.6821334101365025,
                "total_score": 0.0
            },
            "ranking_score": 0.0
        },
        {
            "algorithm_name": "Exact_Time",
            "evaluation_result": {
                "computation_time": 0.0,
                "cost_score": 0.0,
                "coverage_score": 0.0,
                "detailed_metrics": null,
                "feasibility_score": 0.0,
                "is_feasible": false,
                "resource_score": 0.0,
                "time_score": 0.0,
                "total_score": 0.0
            },
            "ranking_score": 0.0
        },
        {
            "algorithm_name": "Exact_Cost",
            "evaluation_result": {
                "computation_time": 0.0,
                "cost_score": 0.0,
                "coverage_score": 0.0,
                "detailed_metrics": null,
                "feasibility_score": 0.0,
                "is_feasible": false,
                "resource_score": 0.0,
                "time_score": 0.0,
                "total_score": 0.0
            },
            "ranking_score": 0.0
        }
    ],
    "decision_preference": 0.0,
    "scenario_name": "scenario_112_T75_R800",
    "statistics": {
        "counts": {
            "acceptable_solution_count": 2,
            "cost_optimal_count": 1,
            "coverage_optimal_count": 2,
            "fast_solution_count": 2,
            "feasible_algorithms": 2,
            "time_optimal_count": 2,
            "total_algorithms": 6
        },
        "optimal_algorithms": {
            "cost_optimal": [
                "Greedy_Cost"
            ],
            "coverage_optimal": [
                "Greedy_Time",
                "Greedy_Cost"
            ],
            "time_optimal": [
                "Greedy_Time",
                "Greedy_Cost"
            ]
        },
        "performance_algorithms": {
            "acceptable_solutions_5s_gap5": [
                "Greedy_Time",
                "Greedy_Cost"
            ],
            "fast_solutions_1s": [
                "Greedy_Time",
                "Greedy_Cost"
            ]
        }
    },
    "timestamp": 17695002494928726,
    "total_resources": 800,
    "total_targets": 75
}