{
    "algorithm_results": [
        {
            "algorithm_name": "Greedy_Time",
            "evaluation_result": {
                "computation_time": 0.3025381,
                "cost_score": 0.6796085068435772,
                "coverage_score": 1.2,
                "detailed_metrics": {
                    "normalized_scores": {
                        "cost": 0.6796085068435772,
                        "coverage": 1.2,
                        "difference": 1.0,
                        "resources": 2.0495611770779556,
                        "time": 0.7448503211265981
                    },
                    "raw_metrics": {
                        "covered_targets": 68,
                        "difference": 0.0,
                        "max_completion_time": 0.6425516129032258,
                        "resource_utilization_rate": 0.3879093198992443,
                        "total_cost": 235.7176888827306,
                        "total_targets": 68,
                        "tour_count": 308
                    }
                },
                "feasibility_score": 0.0,
                "is_feasible": true,
                "resource_score": 2.0495611770779556,
                "time_score": 0.7448503211265981,
                "total_score": 1.0312845525578862
            },
            "ranking_score": 1.0312845525578862
        },
        {
            "algorithm_name": "Greedy_Cost",
            "evaluation_result": {
                "computation_time": 0.3021818,
                "cost_score": 0.7758108166117414,
                "coverage_score": 1.2,
                "detailed_metrics": {
                    "normalized_scores": {
                        "cost": 0.7758108166117414,
                        "coverage": 1.2,
                        "difference": 1.0,
                        "resources": 2.0495611770779556,
                        "time": 0.7448503211265981
                    },
                    "raw_metrics": {
                        "covered_targets": 68,
                        "difference": 0.0,
                        "max_completion_time": 0.6425516129032258,
                        "resource_utilization_rate": 0.3879093198992443,
                        "total_cost": 144.48701834770574,
                        "total_targets": 68,
                        "tour_count": 308
                    }
                },
                "feasibility_score": 0.0,
                "is_feasible": true,
                "resource_score": 2.0495611770779556,
                "time_score": 0.7448503211265981,
                "total_score": 1.069765476465152
            },
            "ranking_score": 1.069765476465152
        },
        {
            "algorithm_name": "Greedy_Difference",
            "evaluation_result": {
                "computation_time": 0.0,
                "cost_score": 0.0,
                "coverage_score": 0.0,
                "detailed_metrics": null,
                "feasibility_score": 0.0,
                "is_feasible": false,
                "resource_score": 0.0,
                "time_score": 0.0,
                "total_score": 0.0
            },
            "ranking_score": 0.0
        },
        {
            "algorithm_name": "NSGAII",
            "evaluation_result": {
                "computation_time": 5.4218255,
                "cost_score": 0.6802374700320982,
                "coverage_score": 1.2,
                "detailed_metrics": {
                    "normalized_scores": {
                        "cost": 0.6802374700320982,
                        "coverage": 1.2,
                        "difference": 1.0,
                        "resources": 2.0495611770779556,
                        "time": 0.7448503211265981
                    },
                    "raw_metrics": {
                        "covered_targets": 68,
                        "difference": 0.0,
                        "max_completion_time": 0.6425516129032258,
                        "resource_utilization_rate": 0.3879093198992443,
                        "total_cost": 235.0374274095877,
                        "total_targets": 68,
                        "tour_count": 308
                    }
                },
                "feasibility_score": 0.0,
                "is_feasible": false,
                "resource_score": 2.0495611770779556,
                "time_score": 0.7448503211265981,
                "total_score": 0.0
            },
            "ranking_score": 0.0
        },
        {
            "algorithm_name": "Exact_Time",
            "evaluation_result": {
                "computation_time": 0.0,
                "cost_score": 0.0,
                "coverage_score": 0.0,
                "detailed_metrics": null,
                "feasibility_score": 0.0,
                "is_feasible": false,
                "resource_score": 0.0,
                "time_score": 0.0,
                "total_score": 0.0
            },
            "ranking_score": 0.0
        },
        {
            "algorithm_name": "Exact_Cost",
            "evaluation_result": {
                "computation_time": 0.0,
                "cost_score": 0.0,
                "coverage_score": 0.0,
                "detailed_metrics": null,
                "feasibility_score": 0.0,
                "is_feasible": false,
                "resource_score": 0.0,
                "time_score": 0.0,
                "total_score": 0.0
            },
            "ranking_score": 0.0
        }
    ],
    "decision_preference": 1.0,
    "scenario_name": "scenario_96_T68_R794",
    "statistics": {
        "counts": {
            "acceptable_solution_count": 2,
            "cost_optimal_count": 1,
            "coverage_optimal_count": 2,
            "fast_solution_count": 2,
            "feasible_algorithms": 2,
            "time_optimal_count": 2,
            "total_algorithms": 6
        },
        "optimal_algorithms": {
            "cost_optimal": [
                "Greedy_Cost"
            ],
            "coverage_optimal": [
                "Greedy_Time",
                "Greedy_Cost"
            ],
            "time_optimal": [
                "Greedy_Time",
                "Greedy_Cost"
            ]
        },
        "performance_algorithms": {
            "acceptable_solutions_5s_gap5": [
                "Greedy_Time",
                "Greedy_Cost"
            ],
            "fast_solutions_1s": [
                "Greedy_Time",
                "Greedy_Cost"
            ]
        }
    },
    "timestamp": 17695007377722879,
    "total_resources": 794,
    "total_targets": 68
}