{
    "algorithm_results": [
        {
            "algorithm_name": "Greedy_Time",
            "evaluation_result": {
                "computation_time": 0.1789518,
                "cost_score": 0.7112190641744117,
                "coverage_score": 1.2,
                "detailed_metrics": {
                    "normalized_scores": {
                        "cost": 0.7112190641744117,
                        "coverage": 1.2,
                        "difference": 1.0,
                        "resources": 2.064021340446816,
                        "time": 0.6561212779018354
                    },
                    "raw_metrics": {
                        "covered_targets": 53,
                        "difference": 0.0,
                        "max_completion_time": 0.8241084745762711,
                        "resource_utilization_rate": 0.38449111470113084,
                        "total_cost": 203.01827550194213,
                        "total_targets": 53,
                        "tour_count": 238
                    }
                },
                "feasibility_score": 0.0,
                "is_feasible": true,
                "resource_score": 2.064021340446816,
                "time_score": 0.6561212779018354,
                "total_score": 1.0227274409364857
            },
            "ranking_score": 1.0227274409364857
        },
        {
            "algorithm_name": "Greedy_Cost",
            "evaluation_result": {
                "computation_time": 0.1792248,
                "cost_score": 0.7762985305529991,
                "coverage_score": 1.2,
                "detailed_metrics": {
                    "normalized_scores": {
                        "cost": 0.7762985305529991,
                        "coverage": 1.2,
                        "difference": 1.0,
                        "resources": 2.064021340446816,
                        "time": 0.5711384693489022
                    },
                    "raw_metrics": {
                        "covered_targets": 53,
                        "difference": 0.0,
                        "max_completion_time": 1.0508888888888888,
                        "resource_utilization_rate": 0.38449111470113084,
                        "total_cost": 144.08211573429503,
                        "total_targets": 53,
                        "tour_count": 238
                    }
                },
                "feasibility_score": 0.0,
                "is_feasible": true,
                "resource_score": 2.064021340446816,
                "time_score": 0.5711384693489022,
                "total_score": 1.0027453778997473
            },
            "ranking_score": 1.0027453778997473
        },
        {
            "algorithm_name": "Greedy_Difference",
            "evaluation_result": {
                "computation_time": 0.0,
                "cost_score": 0.0,
                "coverage_score": 0.0,
                "detailed_metrics": null,
                "feasibility_score": 0.0,
                "is_feasible": false,
                "resource_score": 0.0,
                "time_score": 0.0,
                "total_score": 0.0
            },
            "ranking_score": 0.0
        },
        {
            "algorithm_name": "NSGAII",
            "evaluation_result": {
                "computation_time": 3.5627685,
                "cost_score": 0.7712047934733895,
                "coverage_score": 1.2,
                "detailed_metrics": {
                    "normalized_scores": {
                        "cost": 0.7712047934733895,
                        "coverage": 1.2,
                        "difference": 1.0,
                        "resources": 2.099016615801967,
                        "time": 0.5711384693489022
                    },
                    "raw_metrics": {
                        "covered_targets": 53,
                        "difference": 0.0,
                        "max_completion_time": 1.0508888888888888,
                        "resource_utilization_rate": 0.3764135702746365,
                        "total_cost": 148.33621916180752,
                        "total_targets": 53,
                        "tour_count": 233
                    }
                },
                "feasibility_score": 0.0,
                "is_feasible": true,
                "resource_score": 2.099016615801967,
                "time_score": 0.5711384693489022,
                "total_score": 1.0054808448733208
            },
            "ranking_score": 1.0054808448733208
        },
        {
            "algorithm_name": "Exact_Time",
            "evaluation_result": {
                "computation_time": 0.0,
                "cost_score": 0.0,
                "coverage_score": 0.0,
                "detailed_metrics": null,
                "feasibility_score": 0.0,
                "is_feasible": false,
                "resource_score": 0.0,
                "time_score": 0.0,
                "total_score": 0.0
            },
            "ranking_score": 0.0
        },
        {
            "algorithm_name": "Exact_Cost",
            "evaluation_result": {
                "computation_time": 0.0,
                "cost_score": 0.0,
                "coverage_score": 0.0,
                "detailed_metrics": null,
                "feasibility_score": 0.0,
                "is_feasible": false,
                "resource_score": 0.0,
                "time_score": 0.0,
                "total_score": 0.0
            },
            "ranking_score": 0.0
        }
    ],
    "decision_preference": 0.0,
    "scenario_name": "scenario_8_T53_R619",
    "statistics": {
        "counts": {
            "acceptable_solution_count": 3,
            "cost_optimal_count": 2,
            "coverage_optimal_count": 3,
            "fast_solution_count": 2,
            "feasible_algorithms": 3,
            "time_optimal_count": 1,
            "total_algorithms": 6
        },
        "optimal_algorithms": {
            "cost_optimal": [
                "Greedy_Cost",
                "NSGAII"
            ],
            "coverage_optimal": [
                "Greedy_Time",
                "Greedy_Cost",
                "NSGAII"
            ],
            "time_optimal": [
                "Greedy_Time"
            ]
        },
        "performance_algorithms": {
            "acceptable_solutions_5s_gap5": [
                "Greedy_Time",
                "Greedy_Cost",
                "NSGAII"
            ],
            "fast_solutions_1s": [
                "Greedy_Time",
                "Greedy_Cost"
            ]
        }
    },
    "timestamp": 17695007182121369,
    "total_resources": 619,
    "total_targets": 53
}