{
    "algorithm_results": [
        {
            "algorithm_name": "Greedy_Time",
            "evaluation_result": {
                "computation_time": 0.3500815,
                "cost_score": 0.653711620519815,
                "coverage_score": 1.2,
                "detailed_metrics": {
                    "normalized_scores": {
                        "cost": 0.653711620519815,
                        "coverage": 1.2,
                        "difference": 1.0,
                        "resources": 1.909307875894988,
                        "time": 0.655525211747012
                    },
                    "raw_metrics": {
                        "covered_targets": 74,
                        "difference": 0.0,
                        "max_completion_time": 0.8254943396226414,
                        "resource_utilization_rate": 0.42375,
                        "total_cost": 264.86325820919717,
                        "total_targets": 74,
                        "tour_count": 339
                    }
                },
                "feasibility_score": 0.0,
                "is_feasible": true,
                "resource_score": 1.909307875894988,
                "time_score": 0.655525211747012,
                "total_score": 0.9984213547789252
            },
            "ranking_score": 0.9984213547789252
        },
        {
            "algorithm_name": "Greedy_Cost",
            "evaluation_result": {
                "computation_time": 0.3511289,
                "cost_score": 0.7291127594400428,
                "coverage_score": 1.2,
                "detailed_metrics": {
                    "normalized_scores": {
                        "cost": 0.7291127594400428,
                        "coverage": 1.2,
                        "difference": 1.0,
                        "resources": 1.909307875894988,
                        "time": 0.649381720246355
                    },
                    "raw_metrics": {
                        "covered_targets": 74,
                        "difference": 0.0,
                        "max_completion_time": 0.8399263157894736,
                        "resource_utilization_rate": 0.42375,
                        "total_cost": 185.76498425840066,
                        "total_targets": 74,
                        "tour_count": 339
                    }
                },
                "feasibility_score": 0.0,
                "is_feasible": true,
                "resource_score": 1.909307875894988,
                "time_score": 0.649381720246355,
                "total_score": 1.0075813035917294
            },
            "ranking_score": 1.0075813035917294
        },
        {
            "algorithm_name": "Greedy_Difference",
            "evaluation_result": {
                "computation_time": 0.0,
                "cost_score": 0.0,
                "coverage_score": 0.0,
                "detailed_metrics": null,
                "feasibility_score": 0.0,
                "is_feasible": false,
                "resource_score": 0.0,
                "time_score": 0.0,
                "total_score": 0.0
            },
            "ranking_score": 0.0
        },
        {
            "algorithm_name": "NSGAII",
            "evaluation_result": {
                "computation_time": 5.8253045,
                "cost_score": 0.7255888205722862,
                "coverage_score": 1.2,
                "detailed_metrics": {
                    "normalized_scores": {
                        "cost": 0.7255888205722862,
                        "coverage": 1.2,
                        "difference": 1.0,
                        "resources": 1.9138755980861246,
                        "time": 0.649381720246355
                    },
                    "raw_metrics": {
                        "covered_targets": 74,
                        "difference": 0.0,
                        "max_completion_time": 0.8399263157894736,
                        "resource_utilization_rate": 0.4225,
                        "total_cost": 189.09551225670768,
                        "total_targets": 74,
                        "tour_count": 338
                    }
                },
                "feasibility_score": 0.0,
                "is_feasible": false,
                "resource_score": 1.9138755980861246,
                "time_score": 0.649381720246355,
                "total_score": 0.0
            },
            "ranking_score": 0.0
        },
        {
            "algorithm_name": "Exact_Time",
            "evaluation_result": {
                "computation_time": 0.0,
                "cost_score": 0.0,
                "coverage_score": 0.0,
                "detailed_metrics": null,
                "feasibility_score": 0.0,
                "is_feasible": false,
                "resource_score": 0.0,
                "time_score": 0.0,
                "total_score": 0.0
            },
            "ranking_score": 0.0
        },
        {
            "algorithm_name": "Exact_Cost",
            "evaluation_result": {
                "computation_time": 0.0,
                "cost_score": 0.0,
                "coverage_score": 0.0,
                "detailed_metrics": null,
                "feasibility_score": 0.0,
                "is_feasible": false,
                "resource_score": 0.0,
                "time_score": 0.0,
                "total_score": 0.0
            },
            "ranking_score": 0.0
        }
    ],
    "decision_preference": 0.0,
    "scenario_name": "scenario_14_T74_R800",
    "statistics": {
        "counts": {
            "acceptable_solution_count": 2,
            "cost_optimal_count": 1,
            "coverage_optimal_count": 2,
            "fast_solution_count": 2,
            "feasible_algorithms": 2,
            "time_optimal_count": 2,
            "total_algorithms": 6
        },
        "optimal_algorithms": {
            "cost_optimal": [
                "Greedy_Cost"
            ],
            "coverage_optimal": [
                "Greedy_Time",
                "Greedy_Cost"
            ],
            "time_optimal": [
                "Greedy_Time",
                "Greedy_Cost"
            ]
        },
        "performance_algorithms": {
            "acceptable_solutions_5s_gap5": [
                "Greedy_Time",
                "Greedy_Cost"
            ],
            "fast_solutions_1s": [
                "Greedy_Time",
                "Greedy_Cost"
            ]
        }
    },
    "timestamp": 17695003687059355,
    "total_resources": 800,
    "total_targets": 74
}