{
    "algorithm_results": [
        {
            "algorithm_name": "Greedy_Time",
            "evaluation_result": {
                "computation_time": 0.2929205,
                "cost_score": 0.6977917763846044,
                "coverage_score": 1.2,
                "detailed_metrics": {
                    "normalized_scores": {
                        "cost": 0.6977917763846044,
                        "coverage": 1.2,
                        "difference": 1.0,
                        "resources": 2.0832207511483385,
                        "time": 0.7352458478303682
                    },
                    "raw_metrics": {
                        "covered_targets": 66,
                        "difference": 0.0,
                        "max_completion_time": 0.6600892857142858,
                        "resource_utilization_rate": 0.38002594033722437,
                        "total_cost": 216.54613442221648,
                        "total_targets": 66,
                        "tour_count": 293
                    }
                },
                "feasibility_score": 0.0,
                "is_feasible": true,
                "resource_score": 2.0832207511483385,
                "time_score": 0.7352458478303682,
                "total_score": 1.0503268883131534
            },
            "ranking_score": 1.0503268883131534
        },
        {
            "algorithm_name": "Greedy_Cost",
            "evaluation_result": {
                "computation_time": 0.2906854,
                "cost_score": 0.8006481997979351,
                "coverage_score": 1.2,
                "detailed_metrics": {
                    "normalized_scores": {
                        "cost": 0.8006481997979351,
                        "coverage": 1.2,
                        "difference": 1.0,
                        "resources": 2.0832207511483385,
                        "time": 0.7352458478303682
                    },
                    "raw_metrics": {
                        "covered_targets": 66,
                        "difference": 0.0,
                        "max_completion_time": 0.6600892857142858,
                        "resource_utilization_rate": 0.38002594033722437,
                        "total_cost": 124.49400389108261,
                        "total_targets": 66,
                        "tour_count": 293
                    }
                },
                "feasibility_score": 0.0,
                "is_feasible": true,
                "resource_score": 2.0832207511483385,
                "time_score": 0.7352458478303682,
                "total_score": 1.065755351825153
            },
            "ranking_score": 1.065755351825153
        },
        {
            "algorithm_name": "Greedy_Difference",
            "evaluation_result": {
                "computation_time": 0.0,
                "cost_score": 0.0,
                "coverage_score": 0.0,
                "detailed_metrics": null,
                "feasibility_score": 0.0,
                "is_feasible": false,
                "resource_score": 0.0,
                "time_score": 0.0,
                "total_score": 0.0
            },
            "ranking_score": 0.0
        },
        {
            "algorithm_name": "NSGAII",
            "evaluation_result": {
                "computation_time": 5.3478335,
                "cost_score": 0.8006481997979351,
                "coverage_score": 1.2,
                "detailed_metrics": {
                    "normalized_scores": {
                        "cost": 0.8006481997979351,
                        "coverage": 1.2,
                        "difference": 1.0,
                        "resources": 2.0832207511483385,
                        "time": 0.7352458478303682
                    },
                    "raw_metrics": {
                        "covered_targets": 66,
                        "difference": 0.0,
                        "max_completion_time": 0.6600892857142858,
                        "resource_utilization_rate": 0.38002594033722437,
                        "total_cost": 124.49400389108261,
                        "total_targets": 66,
                        "tour_count": 293
                    }
                },
                "feasibility_score": 0.0,
                "is_feasible": false,
                "resource_score": 2.0832207511483385,
                "time_score": 0.7352458478303682,
                "total_score": 0.0
            },
            "ranking_score": 0.0
        },
        {
            "algorithm_name": "Exact_Time",
            "evaluation_result": {
                "computation_time": 0.0,
                "cost_score": 0.0,
                "coverage_score": 0.0,
                "detailed_metrics": null,
                "feasibility_score": 0.0,
                "is_feasible": false,
                "resource_score": 0.0,
                "time_score": 0.0,
                "total_score": 0.0
            },
            "ranking_score": 0.0
        },
        {
            "algorithm_name": "Exact_Cost",
            "evaluation_result": {
                "computation_time": 0.0,
                "cost_score": 0.0,
                "coverage_score": 0.0,
                "detailed_metrics": null,
                "feasibility_score": 0.0,
                "is_feasible": false,
                "resource_score": 0.0,
                "time_score": 0.0,
                "total_score": 0.0
            },
            "ranking_score": 0.0
        }
    ],
    "decision_preference": 0.0,
    "scenario_name": "scenario_198_T66_R771",
    "statistics": {
        "counts": {
            "acceptable_solution_count": 2,
            "cost_optimal_count": 1,
            "coverage_optimal_count": 2,
            "fast_solution_count": 2,
            "feasible_algorithms": 2,
            "time_optimal_count": 2,
            "total_algorithms": 6
        },
        "optimal_algorithms": {
            "cost_optimal": [
                "Greedy_Cost"
            ],
            "coverage_optimal": [
                "Greedy_Time",
                "Greedy_Cost"
            ],
            "time_optimal": [
                "Greedy_Time",
                "Greedy_Cost"
            ]
        },
        "performance_algorithms": {
            "acceptable_solutions_5s_gap5": [
                "Greedy_Time",
                "Greedy_Cost"
            ],
            "fast_solutions_1s": [
                "Greedy_Time",
                "Greedy_Cost"
            ]
        }
    },
    "timestamp": 17695005111331825,
    "total_resources": 771,
    "total_targets": 66
}