{
    "algorithm_results": [
        {
            "algorithm_name": "Greedy_Time",
            "evaluation_result": {
                "computation_time": 0.1675437,
                "cost_score": 0.722142230604333,
                "coverage_score": 1.2,
                "detailed_metrics": {
                    "normalized_scores": {
                        "cost": 0.722142230604333,
                        "coverage": 1.2,
                        "difference": 1.0,
                        "resources": 2.011932383162082,
                        "time": 0.6757445375470252
                    },
                    "raw_metrics": {
                        "covered_targets": 52,
                        "difference": 0.0,
                        "max_completion_time": 0.7798491803278689,
                        "resource_utilization_rate": 0.3970345963756178,
                        "total_cost": 192.3843791569554,
                        "total_targets": 52,
                        "tour_count": 241
                    }
                },
                "feasibility_score": 0.0,
                "is_feasible": true,
                "resource_score": 2.011932383162082,
                "time_score": 0.6757445375470252,
                "total_score": 1.037624584312644
            },
            "ranking_score": 1.037624584312644
        },
        {
            "algorithm_name": "Greedy_Cost",
            "evaluation_result": {
                "computation_time": 0.1685737,
                "cost_score": 0.8166334378557781,
                "coverage_score": 1.2,
                "detailed_metrics": {
                    "normalized_scores": {
                        "cost": 0.8166334378557781,
                        "coverage": 1.2,
                        "difference": 1.0,
                        "resources": 2.011932383162082,
                        "time": 0.6364707949011051
                    },
                    "raw_metrics": {
                        "covered_targets": 52,
                        "difference": 0.0,
                        "max_completion_time": 0.8711639999999999,
                        "resource_utilization_rate": 0.3970345963756178,
                        "total_cost": 112.26981020130934,
                        "total_targets": 52,
                        "tour_count": 241
                    }
                },
                "feasibility_score": 0.0,
                "is_feasible": true,
                "resource_score": 2.011932383162082,
                "time_score": 0.6364707949011051,
                "total_score": 1.07149369294863
            },
            "ranking_score": 1.07149369294863
        },
        {
            "algorithm_name": "Greedy_Difference",
            "evaluation_result": {
                "computation_time": 0.0,
                "cost_score": 0.0,
                "coverage_score": 0.0,
                "detailed_metrics": null,
                "feasibility_score": 0.0,
                "is_feasible": false,
                "resource_score": 0.0,
                "time_score": 0.0,
                "total_score": 0.0
            },
            "ranking_score": 0.0
        },
        {
            "algorithm_name": "NSGAII",
            "evaluation_result": {
                "computation_time": 3.3683076,
                "cost_score": 0.7255954288510403,
                "coverage_score": 1.2,
                "detailed_metrics": {
                    "normalized_scores": {
                        "cost": 0.7255954288510403,
                        "coverage": 1.2,
                        "difference": 1.0,
                        "resources": 2.011932383162082,
                        "time": 0.6364707949011051
                    },
                    "raw_metrics": {
                        "covered_targets": 52,
                        "difference": 0.0,
                        "max_completion_time": 0.8711639999999999,
                        "resource_utilization_rate": 0.3970345963756178,
                        "total_cost": 189.08923639683854,
                        "total_targets": 52,
                        "tour_count": 241
                    }
                },
                "feasibility_score": 0.0,
                "is_feasible": true,
                "resource_score": 2.011932383162082,
                "time_score": 0.6364707949011051,
                "total_score": 1.0350784893467349
            },
            "ranking_score": 1.0350784893467349
        },
        {
            "algorithm_name": "Exact_Time",
            "evaluation_result": {
                "computation_time": 0.0,
                "cost_score": 0.0,
                "coverage_score": 0.0,
                "detailed_metrics": null,
                "feasibility_score": 0.0,
                "is_feasible": false,
                "resource_score": 0.0,
                "time_score": 0.0,
                "total_score": 0.0
            },
            "ranking_score": 0.0
        },
        {
            "algorithm_name": "Exact_Cost",
            "evaluation_result": {
                "computation_time": 0.0,
                "cost_score": 0.0,
                "coverage_score": 0.0,
                "detailed_metrics": null,
                "feasibility_score": 0.0,
                "is_feasible": false,
                "resource_score": 0.0,
                "time_score": 0.0,
                "total_score": 0.0
            },
            "ranking_score": 0.0
        }
    ],
    "decision_preference": 1.0,
    "scenario_name": "scenario_42_T52_R607",
    "statistics": {
        "counts": {
            "acceptable_solution_count": 3,
            "cost_optimal_count": 1,
            "coverage_optimal_count": 3,
            "fast_solution_count": 2,
            "feasible_algorithms": 3,
            "time_optimal_count": 1,
            "total_algorithms": 6
        },
        "optimal_algorithms": {
            "cost_optimal": [
                "Greedy_Cost"
            ],
            "coverage_optimal": [
                "Greedy_Time",
                "Greedy_Cost",
                "NSGAII"
            ],
            "time_optimal": [
                "Greedy_Time"
            ]
        },
        "performance_algorithms": {
            "acceptable_solutions_5s_gap5": [
                "Greedy_Time",
                "Greedy_Cost",
                "NSGAII"
            ],
            "fast_solutions_1s": [
                "Greedy_Time",
                "Greedy_Cost"
            ]
        }
    },
    "timestamp": 17695006021528532,
    "total_resources": 607,
    "total_targets": 52
}