{
    "algorithm_results": [
        {
            "algorithm_name": "Greedy_Time",
            "evaluation_result": {
                "computation_time": 0.3211827,
                "cost_score": 0.6528194631027012,
                "coverage_score": 1.2,
                "detailed_metrics": {
                    "normalized_scores": {
                        "cost": 0.6528194631027012,
                        "coverage": 1.2,
                        "difference": 1.0,
                        "resources": 1.941747572815534,
                        "time": 0.5794545855309053
                    },
                    "raw_metrics": {
                        "covered_targets": 71,
                        "difference": 0.0,
                        "max_completion_time": 1.0257607843137255,
                        "resource_utilization_rate": 0.415,
                        "total_cost": 265.90853713768684,
                        "total_targets": 71,
                        "tour_count": 332
                    }
                },
                "feasibility_score": 0.0,
                "is_feasible": true,
                "resource_score": 1.941747572815534,
                "time_score": 0.5794545855309053,
                "total_score": 0.9932480010757244
            },
            "ranking_score": 0.9932480010757244
        },
        {
            "algorithm_name": "Greedy_Cost",
            "evaluation_result": {
                "computation_time": 0.321043,
                "cost_score": 0.7506336043038737,
                "coverage_score": 1.2,
                "detailed_metrics": {
                    "normalized_scores": {
                        "cost": 0.7506336043038737,
                        "coverage": 1.2,
                        "difference": 1.0,
                        "resources": 1.941747572815534,
                        "time": 0.5794545855309053
                    },
                    "raw_metrics": {
                        "covered_targets": 71,
                        "difference": 0.0,
                        "max_completion_time": 1.0257607843137255,
                        "resource_utilization_rate": 0.415,
                        "total_cost": 166.1039382372076,
                        "total_targets": 71,
                        "tour_count": 332
                    }
                },
                "feasibility_score": 0.0,
                "is_feasible": true,
                "resource_score": 1.941747572815534,
                "time_score": 0.5794545855309053,
                "total_score": 1.0323736575561933
            },
            "ranking_score": 1.0323736575561933
        },
        {
            "algorithm_name": "Greedy_Difference",
            "evaluation_result": {
                "computation_time": 0.0,
                "cost_score": 0.0,
                "coverage_score": 0.0,
                "detailed_metrics": null,
                "feasibility_score": 0.0,
                "is_feasible": false,
                "resource_score": 0.0,
                "time_score": 0.0,
                "total_score": 0.0
            },
            "ranking_score": 0.0
        },
        {
            "algorithm_name": "NSGAII",
            "evaluation_result": {
                "computation_time": 5.9729013,
                "cost_score": 0.6510091049458323,
                "coverage_score": 1.2,
                "detailed_metrics": {
                    "normalized_scores": {
                        "cost": 0.6510091049458323,
                        "coverage": 1.2,
                        "difference": 1.0,
                        "resources": 1.941747572815534,
                        "time": 0.5794545855309053
                    },
                    "raw_metrics": {
                        "covered_targets": 71,
                        "difference": 0.0,
                        "max_completion_time": 1.0257607843137255,
                        "resource_utilization_rate": 0.415,
                        "total_cost": 268.0384132900919,
                        "total_targets": 71,
                        "tour_count": 332
                    }
                },
                "feasibility_score": 0.0,
                "is_feasible": false,
                "resource_score": 1.941747572815534,
                "time_score": 0.5794545855309053,
                "total_score": 0.0
            },
            "ranking_score": 0.0
        },
        {
            "algorithm_name": "Exact_Time",
            "evaluation_result": {
                "computation_time": 0.0,
                "cost_score": 0.0,
                "coverage_score": 0.0,
                "detailed_metrics": null,
                "feasibility_score": 0.0,
                "is_feasible": false,
                "resource_score": 0.0,
                "time_score": 0.0,
                "total_score": 0.0
            },
            "ranking_score": 0.0
        },
        {
            "algorithm_name": "Exact_Cost",
            "evaluation_result": {
                "computation_time": 0.0,
                "cost_score": 0.0,
                "coverage_score": 0.0,
                "detailed_metrics": null,
                "feasibility_score": 0.0,
                "is_feasible": false,
                "resource_score": 0.0,
                "time_score": 0.0,
                "total_score": 0.0
            },
            "ranking_score": 0.0
        }
    ],
    "decision_preference": 1.0,
    "scenario_name": "scenario_127_T71_R800",
    "statistics": {
        "counts": {
            "acceptable_solution_count": 2,
            "cost_optimal_count": 1,
            "coverage_optimal_count": 2,
            "fast_solution_count": 2,
            "feasible_algorithms": 2,
            "time_optimal_count": 2,
            "total_algorithms": 6
        },
        "optimal_algorithms": {
            "cost_optimal": [
                "Greedy_Cost"
            ],
            "coverage_optimal": [
                "Greedy_Time",
                "Greedy_Cost"
            ],
            "time_optimal": [
                "Greedy_Time",
                "Greedy_Cost"
            ]
        },
        "performance_algorithms": {
            "acceptable_solutions_5s_gap5": [
                "Greedy_Time",
                "Greedy_Cost"
            ],
            "fast_solutions_1s": [
                "Greedy_Time",
                "Greedy_Cost"
            ]
        }
    },
    "timestamp": 17695002839700752,
    "total_resources": 800,
    "total_targets": 71
}