{
    "algorithm_results": [
        {
            "algorithm_name": "Greedy_Time",
            "evaluation_result": {
                "computation_time": 0.2118607,
                "cost_score": 0.7151826308160458,
                "coverage_score": 1.2,
                "detailed_metrics": {
                    "normalized_scores": {
                        "cost": 0.7151826308160458,
                        "coverage": 1.2,
                        "difference": 1.0,
                        "resources": 1.990436341900777,
                        "time": 0.7545865740457214
                    },
                    "raw_metrics": {
                        "covered_targets": 57,
                        "difference": 0.0,
                        "max_completion_time": 0.6252289855072464,
                        "resource_utilization_rate": 0.4024024024024024,
                        "total_cost": 199.12212413420087,
                        "total_targets": 57,
                        "tour_count": 268
                    }
                },
                "feasibility_score": 0.0,
                "is_feasible": true,
                "resource_score": 1.990436341900777,
                "time_score": 0.7545865740457214,
                "total_score": 1.050426329728487
            },
            "ranking_score": 1.050426329728487
        },
        {
            "algorithm_name": "Greedy_Cost",
            "evaluation_result": {
                "computation_time": 0.2126532,
                "cost_score": 0.8078867765836647,
                "coverage_score": 1.2,
                "detailed_metrics": {
                    "normalized_scores": {
                        "cost": 0.8078867765836647,
                        "coverage": 1.2,
                        "difference": 1.0,
                        "resources": 1.990436341900777,
                        "time": 0.6996889251860484
                    },
                    "raw_metrics": {
                        "covered_targets": 57,
                        "difference": 0.0,
                        "max_completion_time": 0.7292065573770492,
                        "resource_utilization_rate": 0.4024024024024024,
                        "total_cost": 118.89860620613837,
                        "total_targets": 57,
                        "tour_count": 268
                    }
                },
                "feasibility_score": 0.0,
                "is_feasible": true,
                "resource_score": 1.990436341900777,
                "time_score": 0.6996889251860484,
                "total_score": 1.0451177744927442
            },
            "ranking_score": 1.0451177744927442
        },
        {
            "algorithm_name": "Greedy_Difference",
            "evaluation_result": {
                "computation_time": 0.0,
                "cost_score": 0.0,
                "coverage_score": 0.0,
                "detailed_metrics": null,
                "feasibility_score": 0.0,
                "is_feasible": false,
                "resource_score": 0.0,
                "time_score": 0.0,
                "total_score": 0.0
            },
            "ranking_score": 0.0
        },
        {
            "algorithm_name": "NSGAII",
            "evaluation_result": {
                "computation_time": 4.1462679,
                "cost_score": 0.7291157445197376,
                "coverage_score": 1.2,
                "detailed_metrics": {
                    "normalized_scores": {
                        "cost": 0.7291157445197376,
                        "coverage": 1.2,
                        "difference": 1.0,
                        "resources": 1.990436341900777,
                        "time": 0.6996889251860484
                    },
                    "raw_metrics": {
                        "covered_targets": 57,
                        "difference": 0.0,
                        "max_completion_time": 0.7292065573770492,
                        "resource_utilization_rate": 0.4024024024024024,
                        "total_cost": 185.76217666146522,
                        "total_targets": 57,
                        "tour_count": 268
                    }
                },
                "feasibility_score": 0.0,
                "is_feasible": true,
                "resource_score": 1.990436341900777,
                "time_score": 0.6996889251860484,
                "total_score": 1.0333021196831553
            },
            "ranking_score": 1.0333021196831553
        },
        {
            "algorithm_name": "Exact_Time",
            "evaluation_result": {
                "computation_time": 0.0,
                "cost_score": 0.0,
                "coverage_score": 0.0,
                "detailed_metrics": null,
                "feasibility_score": 0.0,
                "is_feasible": false,
                "resource_score": 0.0,
                "time_score": 0.0,
                "total_score": 0.0
            },
            "ranking_score": 0.0
        },
        {
            "algorithm_name": "Exact_Cost",
            "evaluation_result": {
                "computation_time": 0.0,
                "cost_score": 0.0,
                "coverage_score": 0.0,
                "detailed_metrics": null,
                "feasibility_score": 0.0,
                "is_feasible": false,
                "resource_score": 0.0,
                "time_score": 0.0,
                "total_score": 0.0
            },
            "ranking_score": 0.0
        }
    ],
    "decision_preference": 0.0,
    "scenario_name": "scenario_189_T57_R666",
    "statistics": {
        "counts": {
            "acceptable_solution_count": 3,
            "cost_optimal_count": 1,
            "coverage_optimal_count": 3,
            "fast_solution_count": 2,
            "feasible_algorithms": 3,
            "time_optimal_count": 1,
            "total_algorithms": 6
        },
        "optimal_algorithms": {
            "cost_optimal": [
                "Greedy_Cost"
            ],
            "coverage_optimal": [
                "Greedy_Time",
                "Greedy_Cost",
                "NSGAII"
            ],
            "time_optimal": [
                "Greedy_Time"
            ]
        },
        "performance_algorithms": {
            "acceptable_solutions_5s_gap5": [
                "Greedy_Time",
                "Greedy_Cost",
                "NSGAII"
            ],
            "fast_solutions_1s": [
                "Greedy_Time",
                "Greedy_Cost"
            ]
        }
    },
    "timestamp": 17695004856358478,
    "total_resources": 666,
    "total_targets": 57
}