{
    "algorithm_results": [
        {
            "algorithm_name": "Greedy_Time",
            "evaluation_result": {
                "computation_time": 0.2111462,
                "cost_score": 0.7065683524414038,
                "coverage_score": 1.2,
                "detailed_metrics": {
                    "normalized_scores": {
                        "cost": 0.7065683524414038,
                        "coverage": 1.2,
                        "difference": 1.0,
                        "resources": 2.003676470588235,
                        "time": 0.6390213843941849
                    },
                    "raw_metrics": {
                        "covered_targets": 56,
                        "difference": 0.0,
                        "max_completion_time": 0.8648928571428571,
                        "resource_utilization_rate": 0.39908256880733944,
                        "total_cost": 207.64562023242513,
                        "total_targets": 56,
                        "tour_count": 261
                    }
                },
                "feasibility_score": 0.0,
                "is_feasible": true,
                "resource_score": 2.003676470588235,
                "time_score": 0.6390213843941849,
                "total_score": 1.0100103844629988
            },
            "ranking_score": 1.0100103844629988
        },
        {
            "algorithm_name": "Greedy_Cost",
            "evaluation_result": {
                "computation_time": 0.2108427,
                "cost_score": 0.7812154081046359,
                "coverage_score": 1.2,
                "detailed_metrics": {
                    "normalized_scores": {
                        "cost": 0.7812154081046359,
                        "coverage": 1.2,
                        "difference": 1.0,
                        "resources": 2.003676470588235,
                        "time": 0.6239331856691461
                    },
                    "raw_metrics": {
                        "covered_targets": 56,
                        "difference": 0.0,
                        "max_completion_time": 0.9027357142857142,
                        "resource_utilization_rate": 0.39908256880733944,
                        "total_cost": 140.02833893546307,
                        "total_targets": 56,
                        "tour_count": 261
                    }
                },
                "feasibility_score": 0.0,
                "is_feasible": true,
                "resource_score": 2.003676470588235,
                "time_score": 0.6239331856691461,
                "total_score": 1.01592657325872
            },
            "ranking_score": 1.01592657325872
        },
        {
            "algorithm_name": "Greedy_Difference",
            "evaluation_result": {
                "computation_time": 0.0,
                "cost_score": 0.0,
                "coverage_score": 0.0,
                "detailed_metrics": null,
                "feasibility_score": 0.0,
                "is_feasible": false,
                "resource_score": 0.0,
                "time_score": 0.0,
                "total_score": 0.0
            },
            "ranking_score": 0.0
        },
        {
            "algorithm_name": "NSGAII",
            "evaluation_result": {
                "computation_time": 4.0964282,
                "cost_score": 0.7125516778454597,
                "coverage_score": 1.2,
                "detailed_metrics": {
                    "normalized_scores": {
                        "cost": 0.7125516778454597,
                        "coverage": 1.2,
                        "difference": 1.0,
                        "resources": 2.0098340503995082,
                        "time": 0.6239331856691461
                    },
                    "raw_metrics": {
                        "covered_targets": 56,
                        "difference": 0.0,
                        "max_completion_time": 0.9027357142857142,
                        "resource_utilization_rate": 0.39755351681957185,
                        "total_cost": 201.70349119357684,
                        "total_targets": 56,
                        "tour_count": 260
                    }
                },
                "feasibility_score": 0.0,
                "is_feasible": true,
                "resource_score": 2.0098340503995082,
                "time_score": 0.6239331856691461,
                "total_score": 1.006242771700971
            },
            "ranking_score": 1.006242771700971
        },
        {
            "algorithm_name": "Exact_Time",
            "evaluation_result": {
                "computation_time": 0.0,
                "cost_score": 0.0,
                "coverage_score": 0.0,
                "detailed_metrics": null,
                "feasibility_score": 0.0,
                "is_feasible": false,
                "resource_score": 0.0,
                "time_score": 0.0,
                "total_score": 0.0
            },
            "ranking_score": 0.0
        },
        {
            "algorithm_name": "Exact_Cost",
            "evaluation_result": {
                "computation_time": 0.0,
                "cost_score": 0.0,
                "coverage_score": 0.0,
                "detailed_metrics": null,
                "feasibility_score": 0.0,
                "is_feasible": false,
                "resource_score": 0.0,
                "time_score": 0.0,
                "total_score": 0.0
            },
            "ranking_score": 0.0
        }
    ],
    "decision_preference": 0.0,
    "scenario_name": "scenario_147_T56_R654",
    "statistics": {
        "counts": {
            "acceptable_solution_count": 3,
            "cost_optimal_count": 1,
            "coverage_optimal_count": 3,
            "fast_solution_count": 2,
            "feasible_algorithms": 3,
            "time_optimal_count": 3,
            "total_algorithms": 6
        },
        "optimal_algorithms": {
            "cost_optimal": [
                "Greedy_Cost"
            ],
            "coverage_optimal": [
                "Greedy_Time",
                "Greedy_Cost",
                "NSGAII"
            ],
            "time_optimal": [
                "Greedy_Time",
                "Greedy_Cost",
                "NSGAII"
            ]
        },
        "performance_algorithms": {
            "acceptable_solutions_5s_gap5": [
                "Greedy_Time",
                "Greedy_Cost",
                "NSGAII"
            ],
            "fast_solutions_1s": [
                "Greedy_Time",
                "Greedy_Cost"
            ]
        }
    },
    "timestamp": 17695003585115514,
    "total_resources": 654,
    "total_targets": 56
}