{
    "algorithm_results": [
        {
            "algorithm_name": "Greedy_Time",
            "evaluation_result": {
                "computation_time": 0.2058554,
                "cost_score": 0.7059060041544872,
                "coverage_score": 1.2,
                "detailed_metrics": {
                    "normalized_scores": {
                        "cost": 0.7059060041544872,
                        "coverage": 1.2,
                        "difference": 1.0,
                        "resources": 2.0348475420037335,
                        "time": 0.6185013595360073
                    },
                    "raw_metrics": {
                        "covered_targets": 56,
                        "difference": 0.0,
                        "max_completion_time": 0.916811320754717,
                        "resource_utilization_rate": 0.39143730886850153,
                        "total_cost": 208.30960079293394,
                        "total_targets": 56,
                        "tour_count": 256
                    }
                },
                "feasibility_score": 0.0,
                "is_feasible": true,
                "resource_score": 2.0348475420037335,
                "time_score": 0.6185013595360073,
                "total_score": 1.0276972918157692
            },
            "ranking_score": 1.0276972918157692
        },
        {
            "algorithm_name": "Greedy_Cost",
            "evaluation_result": {
                "computation_time": 0.20789,
                "cost_score": 0.7845131157252204,
                "coverage_score": 1.2,
                "detailed_metrics": {
                    "normalized_scores": {
                        "cost": 0.7845131157252204,
                        "coverage": 1.2,
                        "difference": 1.0,
                        "resources": 2.0348475420037335,
                        "time": 0.6185013595360073
                    },
                    "raw_metrics": {
                        "covered_targets": 56,
                        "difference": 0.0,
                        "max_completion_time": 0.916811320754717,
                        "resource_utilization_rate": 0.39143730886850153,
                        "total_cost": 137.337974315177,
                        "total_targets": 56,
                        "tour_count": 256
                    }
                },
                "feasibility_score": 0.0,
                "is_feasible": true,
                "resource_score": 2.0348475420037335,
                "time_score": 0.6185013595360073,
                "total_score": 1.0591401364440625
            },
            "ranking_score": 1.0591401364440625
        },
        {
            "algorithm_name": "Greedy_Difference",
            "evaluation_result": {
                "computation_time": 0.0,
                "cost_score": 0.0,
                "coverage_score": 0.0,
                "detailed_metrics": null,
                "feasibility_score": 0.0,
                "is_feasible": false,
                "resource_score": 0.0,
                "time_score": 0.0,
                "total_score": 0.0
            },
            "ranking_score": 0.0
        },
        {
            "algorithm_name": "NSGAII",
            "evaluation_result": {
                "computation_time": 3.935506,
                "cost_score": 0.6962795614672448,
                "coverage_score": 1.2,
                "detailed_metrics": {
                    "normalized_scores": {
                        "cost": 0.6962795614672448,
                        "coverage": 1.2,
                        "difference": 1.0,
                        "resources": 2.0348475420037335,
                        "time": 0.6185013595360073
                    },
                    "raw_metrics": {
                        "covered_targets": 56,
                        "difference": 0.0,
                        "max_completion_time": 0.916811320754717,
                        "resource_utilization_rate": 0.39143730886850153,
                        "total_cost": 218.10236530046643,
                        "total_targets": 56,
                        "tour_count": 256
                    }
                },
                "feasibility_score": 0.0,
                "is_feasible": true,
                "resource_score": 2.0348475420037335,
                "time_score": 0.6185013595360073,
                "total_score": 1.023846714740872
            },
            "ranking_score": 1.023846714740872
        },
        {
            "algorithm_name": "Exact_Time",
            "evaluation_result": {
                "computation_time": 0.0,
                "cost_score": 0.0,
                "coverage_score": 0.0,
                "detailed_metrics": null,
                "feasibility_score": 0.0,
                "is_feasible": false,
                "resource_score": 0.0,
                "time_score": 0.0,
                "total_score": 0.0
            },
            "ranking_score": 0.0
        },
        {
            "algorithm_name": "Exact_Cost",
            "evaluation_result": {
                "computation_time": 0.0,
                "cost_score": 0.0,
                "coverage_score": 0.0,
                "detailed_metrics": null,
                "feasibility_score": 0.0,
                "is_feasible": false,
                "resource_score": 0.0,
                "time_score": 0.0,
                "total_score": 0.0
            },
            "ranking_score": 0.0
        }
    ],
    "decision_preference": 1.0,
    "scenario_name": "scenario_151_T56_R654",
    "statistics": {
        "counts": {
            "acceptable_solution_count": 3,
            "cost_optimal_count": 1,
            "coverage_optimal_count": 3,
            "fast_solution_count": 2,
            "feasible_algorithms": 3,
            "time_optimal_count": 3,
            "total_algorithms": 6
        },
        "optimal_algorithms": {
            "cost_optimal": [
                "Greedy_Cost"
            ],
            "coverage_optimal": [
                "Greedy_Time",
                "Greedy_Cost",
                "NSGAII"
            ],
            "time_optimal": [
                "Greedy_Time",
                "Greedy_Cost",
                "NSGAII"
            ]
        },
        "performance_algorithms": {
            "acceptable_solutions_5s_gap5": [
                "Greedy_Time",
                "Greedy_Cost",
                "NSGAII"
            ],
            "fast_solutions_1s": [
                "Greedy_Time",
                "Greedy_Cost"
            ]
        }
    },
    "timestamp": 17695003781797125,
    "total_resources": 654,
    "total_targets": 56
}