{
    "optimized_config": {
        "actual_performance": 0.0,
        "algorithm_name": "Greedy_Cost",
        "computation_time": 0.0,
        "expected_performance": 0.0,
        "parameters": null
    },
    "recommended_algorithm": "Greedy_Cost",
    "scenario_features": {
        "complexity_features": {
            "constraint_tightness": 0.16075000166893005,
            "problem_complexity": 4.783910751342773
        },
        "decision_preferance": 1.0,
        "historical_metrics": {
            "previous_cost": 0.0,
            "previous_coverage": 0.0,
            "previous_resource_utilization": 0.0,
            "previous_time": 0.0
        },
        "num_resource_types": 4,
        "num_resources": 800,
        "num_target_types": 5,
        "num_targets": 76,
        "resource_target_ratio": 10.0,
        "scenario_name": "scenario_46_T76_R800",
        "secondary_planning_features": {
            "is_secondary_planning": false,
            "original_target_count": 0,
            "target_change_ratio": 0.0
        },
        "statistical_features": {
            "cost_distribution": {
                "mean": 0.5158166289329529,
                "std_dev": 0.29469385743141174
            },
            "resource_capacity": {
                "mean": 37.26250076293945,
                "std_dev": 8.147424697875977
            },
            "target_distance": {
                "max": 0.30658066272735596,
                "mean": 0.1628408133983612,
                "min": 0.002626272151246667,
                "percentiles": [
                    0.11784162372350693,
                    0.1597345769405365,
                    0.21150249242782593
                ],
                "std_dev": 0.06755716353654861
            },
            "time_window": {
                "mean": 24.842105865478516,
                "percentiles": [
                    18.0,
                    26.0,
                    33.0
                ],
                "std_dev": 8.831840515136719
            }
        },
        "target_time_urgency": 0.16075000166893005,
        "topological_features": {
            "spatial_clustering": 0.888461172580719,
            "target_density": 0.17800772190093994
        }
    },
    "scenario_name": "scenario_46_T76_R800",
    "timestamp": 17690640571337480
}