{
    "optimized_config": {
        "actual_performance": 0.0,
        "algorithm_name": "Exact_Time",
        "computation_time": 0.0,
        "expected_performance": 0.0,
        "parameters": null
    },
    "recommended_algorithm": "Exact_Time",
    "scenario_features": {
        "complexity_features": {
            "constraint_tightness": 0.41725000739097595,
            "problem_complexity": 3.711469888687134
        },
        "decision_preferance": 1.0,
        "historical_metrics": {
            "previous_cost": 0.0,
            "previous_coverage": 0.0,
            "previous_resource_utilization": 0.0,
            "previous_time": 0.0
        },
        "num_resource_types": 4,
        "num_resources": 245,
        "num_target_types": 5,
        "num_targets": 21,
        "resource_target_ratio": 11.0,
        "scenario_name": "scenario_61_T21_R245",
        "secondary_planning_features": {
            "is_secondary_planning": false,
            "original_target_count": 0,
            "target_change_ratio": 0.0
        },
        "statistical_features": {
            "cost_distribution": {
                "mean": 0.49950066208839417,
                "std_dev": 0.2802010476589203
            },
            "resource_capacity": {
                "mean": 36.448978424072266,
                "std_dev": 8.083889961242676
            },
            "target_distance": {
                "max": 0.2587156593799591,
                "mean": 0.15216800570487976,
                "min": 0.033249083906412125,
                "percentiles": [
                    0.12481054663658142,
                    0.15279127657413483,
                    0.19412213563919067
                ],
                "std_dev": 0.05636948347091675
            },
            "time_window": {
                "mean": 23.238094329833984,
                "percentiles": [
                    17.0,
                    21.0,
                    27.0
                ],
                "std_dev": 7.482708930969238
            }
        },
        "target_time_urgency": 0.41725000739097595,
        "topological_features": {
            "spatial_clustering": 0.8145732283592224,
            "target_density": 0.05349128320813179
        }
    },
    "scenario_name": "scenario_61_T21_R245",
    "timestamp": 17690640699884631
}