{
    "optimized_config": {
        "actual_performance": 0.0,
        "algorithm_name": "Exact_Time",
        "computation_time": 0.0,
        "expected_performance": 0.0,
        "parameters": null
    },
    "recommended_algorithm": "Exact_Time",
    "scenario_features": {
        "complexity_features": {
            "constraint_tightness": 0.6557499766349792,
            "problem_complexity": 3.711469888687134
        },
        "decision_preferance": 0.0,
        "historical_metrics": {
            "previous_cost": 0.0,
            "previous_coverage": 0.0,
            "previous_resource_utilization": 0.0,
            "previous_time": 0.0
        },
        "num_resource_types": 4,
        "num_resources": 245,
        "num_target_types": 5,
        "num_targets": 21,
        "resource_target_ratio": 11.0,
        "scenario_name": "scenario_44_T21_R245",
        "secondary_planning_features": {
            "is_secondary_planning": false,
            "original_target_count": 0,
            "target_change_ratio": 0.0
        },
        "statistical_features": {
            "cost_distribution": {
                "mean": 0.5259140133857727,
                "std_dev": 0.29650864005088806
            },
            "resource_capacity": {
                "mean": 37.224491119384766,
                "std_dev": 8.059134483337402
            },
            "target_distance": {
                "max": 0.27339592576026917,
                "mean": 0.16122908890247345,
                "min": 0.01436417642980814,
                "percentiles": [
                    0.13243918120861053,
                    0.1608029454946518,
                    0.22024711966514587
                ],
                "std_dev": 0.07120431214570999
            },
            "time_window": {
                "mean": 22.33333396911621,
                "percentiles": [
                    15.0,
                    20.0,
                    28.0
                ],
                "std_dev": 8.719618797302246
            }
        },
        "target_time_urgency": 0.6557499766349792,
        "topological_features": {
            "spatial_clustering": 0.7633229494094849,
            "target_density": 0.06440582126379013
        }
    },
    "scenario_name": "scenario_44_T21_R245",
    "timestamp": 17690640548335658
}