{
    "optimized_config": {
        "actual_performance": 0.0,
        "algorithm_name": "Exact_Time",
        "computation_time": 0.0,
        "expected_performance": 0.0,
        "parameters": null
    },
    "recommended_algorithm": "Exact_Time",
    "scenario_features": {
        "complexity_features": {
            "constraint_tightness": 0.8897500038146973,
            "problem_complexity": 2.2764618396759033
        },
        "decision_preferance": 0.0,
        "historical_metrics": {
            "previous_cost": 0.0,
            "previous_coverage": 0.0,
            "previous_resource_utilization": 0.0,
            "previous_time": 0.0
        },
        "num_resource_types": 4,
        "num_resources": 47,
        "num_target_types": 3,
        "num_targets": 4,
        "resource_target_ratio": 11.0,
        "scenario_name": "scenario_16_T4_R47",
        "secondary_planning_features": {
            "is_secondary_planning": false,
            "original_target_count": 0,
            "target_change_ratio": 0.0
        },
        "statistical_features": {
            "cost_distribution": {
                "mean": 0.5869113206863403,
                "std_dev": 0.26818203926086426
            },
            "resource_capacity": {
                "mean": 37.65957260131836,
                "std_dev": 8.803471565246582
            },
            "target_distance": {
                "max": 0.2673110067844391,
                "mean": 0.21149174869060516,
                "min": 0.16298741102218628,
                "percentiles": [
                    0.16345258057117462,
                    0.2522159814834595,
                    0.2673110067844391
                ],
                "std_dev": 0.04856615513563156
            },
            "time_window": {
                "mean": 13.5,
                "percentiles": [
                    11.0,
                    19.0,
                    19.0
                ],
                "std_dev": 5.894913196563721
            }
        },
        "target_time_urgency": 0.8897500038146973,
        "topological_features": {
            "spatial_clustering": 0.7403349280357361,
            "target_density": 0.025784004479646683
        }
    },
    "scenario_name": "scenario_16_T4_R47",
    "timestamp": 17690640331423221
}