{
    "optimized_config": {
        "actual_performance": 0.0,
        "algorithm_name": "Greedy_Difference",
        "computation_time": 0.0,
        "expected_performance": 0.0,
        "parameters": null
    },
    "recommended_algorithm": "Greedy_Difference",
    "scenario_features": {
        "complexity_features": {
            "constraint_tightness": 0.4989892244338989,
            "problem_complexity": 3.9058499336242676
        },
        "decision_preferance": 2.0,
        "historical_metrics": {
            "previous_cost": 203.70755004882813,
            "previous_coverage": 1.0,
            "previous_resource_utilization": 0.39903101325035095,
            "previous_time": 0.8885359764099121
        },
        "num_resource_types": 4,
        "num_resources": 350,
        "num_target_types": 4,
        "num_targets": 23,
        "resource_target_ratio": 15.0,
        "scenario_name": "secondary_1045_from_scenario_5_ratio0_T23_R350",
        "secondary_planning_features": {
            "is_secondary_planning": true,
            "original_target_count": 0,
            "target_change_ratio": -0.2127208113670349
        },
        "statistical_features": {
            "cost_distribution": {
                "mean": 0.5096118450164795,
                "std_dev": 0.2904491722583771
            },
            "resource_capacity": {
                "mean": 38.342857360839844,
                "std_dev": 8.525402069091797
            },
            "target_distance": {
                "max": 0.28417399525642395,
                "mean": 0.1854207068681717,
                "min": 0.09142735600471497,
                "percentiles": [
                    0.14966773986816406,
                    0.17617923021316528,
                    0.2281000316143036
                ],
                "std_dev": 0.04814138635993004
            },
            "time_window": {
                "mean": 25.434782028198242,
                "percentiles": [
                    15.0,
                    28.0,
                    33.0
                ],
                "std_dev": 8.967700958251953
            }
        },
        "target_time_urgency": 0.4989892244338989,
        "topological_features": {
            "spatial_clustering": 0.8144643306732178,
            "target_density": 0.0626012459397316
        }
    },
    "scenario_name": "secondary_1045_from_scenario_5_ratio0_T23_R350",
    "timestamp": 17690641123677884
}