{
    "optimized_config": {
        "actual_performance": 0.0,
        "algorithm_name": "Greedy_Difference",
        "computation_time": 0.0,
        "expected_performance": 0.0,
        "parameters": null
    },
    "recommended_algorithm": "Greedy_Difference",
    "scenario_features": {
        "complexity_features": {
            "constraint_tightness": 0.7104138135910034,
            "problem_complexity": 5.08493709564209
        },
        "decision_preferance": 2.0,
        "historical_metrics": {
            "previous_cost": 295.7635498046875,
            "previous_coverage": 1.0,
            "previous_resource_utilization": 0.4412499964237213,
            "previous_time": 0.9484670162200928
        },
        "num_resource_types": 4,
        "num_resources": 800,
        "num_target_types": 5,
        "num_targets": 152,
        "resource_target_ratio": 5.0,
        "scenario_name": "secondary_1013_from_scenario_139_ratio100_T152_R800",
        "secondary_planning_features": {
            "is_secondary_planning": true,
            "original_target_count": 76,
            "target_change_ratio": 1.0
        },
        "statistical_features": {
            "cost_distribution": {
                "mean": 0.4991690516471863,
                "std_dev": 0.29055872559547424
            },
            "resource_capacity": {
                "mean": 37.42499923706055,
                "std_dev": 8.343786239624023
            },
            "target_distance": {
                "max": 0.2612780034542084,
                "mean": 0.1629544347524643,
                "min": 0.05281682312488556,
                "percentiles": [
                    0.11308480054140091,
                    0.16780415177345276,
                    0.21317361295223236
                ],
                "std_dev": 0.05774838849902153
            },
            "time_window": {
                "mean": 25.164474487304688,
                "percentiles": [
                    16.0,
                    26.0,
                    33.0
                ],
                "std_dev": 9.988442420959473
            }
        },
        "target_time_urgency": 0.7104138135910034,
        "topological_features": {
            "spatial_clustering": 0.9370997548103333,
            "target_density": 0.33716338872909546
        }
    },
    "scenario_name": "secondary_1013_from_scenario_139_ratio100_T152_R800",
    "timestamp": 17690641020245348
}