{
    "optimized_config": {
        "actual_performance": 0.0,
        "algorithm_name": "Greedy_Cost",
        "computation_time": 0.0,
        "expected_performance": 0.0,
        "parameters": null
    },
    "recommended_algorithm": "Greedy_Cost",
    "scenario_features": {
        "complexity_features": {
            "constraint_tightness": 0.23725000023841858,
            "problem_complexity": 4.783910751342773
        },
        "decision_preferance": 1.0,
        "historical_metrics": {
            "previous_cost": 0.0,
            "previous_coverage": 0.0,
            "previous_resource_utilization": 0.0,
            "previous_time": 0.0
        },
        "num_resource_types": 4,
        "num_resources": 800,
        "num_target_types": 5,
        "num_targets": 76,
        "resource_target_ratio": 10.0,
        "scenario_name": "scenario_77_T76_R800",
        "secondary_planning_features": {
            "is_secondary_planning": false,
            "original_target_count": 0,
            "target_change_ratio": 0.0
        },
        "statistical_features": {
            "cost_distribution": {
                "mean": 0.49423763155937195,
                "std_dev": 0.2875678241252899
            },
            "resource_capacity": {
                "mean": 37.912498474121094,
                "std_dev": 8.39749813079834
            },
            "target_distance": {
                "max": 0.29423120617866516,
                "mean": 0.16024869680404663,
                "min": 0.030801691114902496,
                "percentiles": [
                    0.1038288027048111,
                    0.17426297068595886,
                    0.20521263778209686
                ],
                "std_dev": 0.06526189297437668
            },
            "time_window": {
                "mean": 24.38157844543457,
                "percentiles": [
                    18.0,
                    26.0,
                    30.0
                ],
                "std_dev": 7.751005172729492
            }
        },
        "target_time_urgency": 0.23725000023841858,
        "topological_features": {
            "spatial_clustering": 0.884605348110199,
            "target_density": 0.1763722002506256
        }
    },
    "scenario_name": "scenario_77_T76_R800",
    "timestamp": 17690640793753125
}