{
    "optimized_config": {
        "actual_performance": 0.0,
        "algorithm_name": "NSGAII",
        "computation_time": 0.0,
        "expected_performance": 0.0,
        "parameters": null
    },
    "recommended_algorithm": "NSGAII",
    "scenario_features": {
        "complexity_features": {
            "constraint_tightness": 0.22374999523162842,
            "problem_complexity": 4.465397834777832
        },
        "decision_preferance": 1.0,
        "historical_metrics": {
            "previous_cost": 0.0,
            "previous_coverage": 0.0,
            "previous_resource_utilization": 0.0,
            "previous_time": 0.0
        },
        "num_resource_types": 4,
        "num_resources": 584,
        "num_target_types": 5,
        "num_targets": 50,
        "resource_target_ratio": 11.0,
        "scenario_name": "scenario_184_T50_R584",
        "secondary_planning_features": {
            "is_secondary_planning": false,
            "original_target_count": 0,
            "target_change_ratio": 0.0
        },
        "statistical_features": {
            "cost_distribution": {
                "mean": 0.5152040123939514,
                "std_dev": 0.2906191051006317
            },
            "resource_capacity": {
                "mean": 37.448631286621094,
                "std_dev": 8.3274564743042
            },
            "target_distance": {
                "max": 0.2894778251647949,
                "mean": 0.17927655577659607,
                "min": 0.012832826934754848,
                "percentiles": [
                    0.14127379655838013,
                    0.1912900060415268,
                    0.23179399967193604
                ],
                "std_dev": 0.06611240655183792
            },
            "time_window": {
                "mean": 27.260000228881836,
                "percentiles": [
                    19.0,
                    27.0,
                    36.0
                ],
                "std_dev": 9.412354469299316
            }
        },
        "target_time_urgency": 0.22374999523162842,
        "topological_features": {
            "spatial_clustering": 0.8486356139183044,
            "target_density": 0.12994958460330963
        }
    },
    "scenario_name": "scenario_184_T50_R584",
    "timestamp": 17690640402564402
}