{
    "optimized_config": {
        "actual_performance": 0.0,
        "algorithm_name": "Greedy_Difference",
        "computation_time": 0.0,
        "expected_performance": 0.0,
        "parameters": null
    },
    "recommended_algorithm": "Greedy_Difference",
    "scenario_features": {
        "complexity_features": {
            "constraint_tightness": 1.0,
            "problem_complexity": 3.3512163162231445
        },
        "decision_preferance": 2.0,
        "historical_metrics": {
            "previous_cost": 35.76535415649414,
            "previous_coverage": 1.0,
            "previous_resource_utilization": 0.39037400484085083,
            "previous_time": 0.7781829833984375
        },
        "num_resource_types": 4,
        "num_resources": 187,
        "num_target_types": 5,
        "num_targets": 12,
        "resource_target_ratio": 15.0,
        "scenario_name": "secondary_1050_from_scenario_72_ratio-20_T12_R187",
        "secondary_planning_features": {
            "is_secondary_planning": true,
            "original_target_count": 0,
            "target_change_ratio": -0.20000000298023224
        },
        "statistical_features": {
            "cost_distribution": {
                "mean": 0.5250532627105713,
                "std_dev": 0.27431145310401917
            },
            "resource_capacity": {
                "mean": 36.89839553833008,
                "std_dev": 8.402024269104004
            },
            "target_distance": {
                "max": 0.2844559848308563,
                "mean": 0.1530602127313614,
                "min": 0.03388463333249092,
                "percentiles": [
                    0.10447116941213608,
                    0.1442025899887085,
                    0.2203197032213211
                ],
                "std_dev": 0.07634734362363815
            },
            "time_window": {
                "mean": 13.583333015441895,
                "percentiles": [
                    9.0,
                    14.0,
                    18.0
                ],
                "std_dev": 4.716254234313965
            }
        },
        "target_time_urgency": 1.0,
        "topological_features": {
            "spatial_clustering": 0.7323727011680603,
            "target_density": 0.03811274468898773
        }
    },
    "scenario_name": "secondary_1050_from_scenario_72_ratio-20_T12_R187",
    "timestamp": 17690641126065150
}