{
    "optimized_config": {
        "actual_performance": 0.0,
        "algorithm_name": "Greedy_Difference",
        "computation_time": 0.0,
        "expected_performance": 0.0,
        "parameters": null
    },
    "recommended_algorithm": "Greedy_Difference",
    "scenario_features": {
        "complexity_features": {
            "constraint_tightness": 0.3765444755554199,
            "problem_complexity": 4.536571025848389
        },
        "decision_preferance": 2.0,
        "historical_metrics": {
            "previous_cost": 239.11459350585938,
            "previous_coverage": 1.0,
            "previous_resource_utilization": 0.4074999988079071,
            "previous_time": 0.5540369749069214
        },
        "num_resource_types": 4,
        "num_resources": 800,
        "num_target_types": 5,
        "num_targets": 43,
        "resource_target_ratio": 18.0,
        "scenario_name": "secondary_1058_from_scenario_93_ratio-40_T43_R800",
        "secondary_planning_features": {
            "is_secondary_planning": true,
            "original_target_count": 0,
            "target_change_ratio": -0.4000000059604645
        },
        "statistical_features": {
            "cost_distribution": {
                "mean": 0.5065804719924927,
                "std_dev": 0.28245946764945984
            },
            "resource_capacity": {
                "mean": 36.974998474121094,
                "std_dev": 8.11479377746582
            },
            "target_distance": {
                "max": 0.2917804419994354,
                "mean": 0.15356647968292236,
                "min": 0.02239220030605793,
                "percentiles": [
                    0.12036699801683426,
                    0.13807664811611176,
                    0.19236205518245697
                ],
                "std_dev": 0.05532987043261528
            },
            "time_window": {
                "mean": 27.534883499145508,
                "percentiles": [
                    20.0,
                    28.0,
                    35.0
                ],
                "std_dev": 8.654475212097168
            }
        },
        "target_time_urgency": 0.3765444755554199,
        "topological_features": {
            "spatial_clustering": 0.851449191570282,
            "target_density": 0.10711666941642761
        }
    },
    "scenario_name": "secondary_1058_from_scenario_93_ratio-40_T43_R800",
    "timestamp": 17690641130019094
}