{
    "optimized_config": {
        "actual_performance": 0.0,
        "algorithm_name": "NSGAII",
        "computation_time": 0.0,
        "expected_performance": 0.0,
        "parameters": null
    },
    "recommended_algorithm": "NSGAII",
    "scenario_features": {
        "complexity_features": {
            "constraint_tightness": 0.22824999690055847,
            "problem_complexity": 4.203712463378906
        },
        "decision_preferance": 1.0,
        "historical_metrics": {
            "previous_cost": 0.0,
            "previous_coverage": 0.0,
            "previous_resource_utilization": 0.0,
            "previous_time": 0.0
        },
        "num_resource_types": 4,
        "num_resources": 432,
        "num_target_types": 5,
        "num_targets": 37,
        "resource_target_ratio": 11.0,
        "scenario_name": "scenario_133_T37_R432",
        "secondary_planning_features": {
            "is_secondary_planning": false,
            "original_target_count": 0,
            "target_change_ratio": 0.0
        },
        "statistical_features": {
            "cost_distribution": {
                "mean": 0.5034328699111938,
                "std_dev": 0.29317331314086914
            },
            "resource_capacity": {
                "mean": 37.060184478759766,
                "std_dev": 8.300829887390137
            },
            "target_distance": {
                "max": 0.3015432059764862,
                "mean": 0.16699500381946564,
                "min": 0.04955988749861717,
                "percentiles": [
                    0.12068150192499161,
                    0.17582856118679047,
                    0.21417281031608582
                ],
                "std_dev": 0.06363197416067123
            },
            "time_window": {
                "mean": 25.513513565063477,
                "percentiles": [
                    16.0,
                    27.0,
                    37.0
                ],
                "std_dev": 10.438033103942871
            }
        },
        "target_time_urgency": 0.22824999690055847,
        "topological_features": {
            "spatial_clustering": 0.8571070432662964,
            "target_density": 0.08895472437143326
        }
    },
    "scenario_name": "scenario_133_T37_R432",
    "timestamp": 17690639959614639
}