{
    "optimized_config": {
        "actual_performance": 0.0,
        "algorithm_name": "Greedy_Time",
        "computation_time": 0.0,
        "expected_performance": 0.0,
        "parameters": null
    },
    "recommended_algorithm": "Greedy_Time",
    "scenario_features": {
        "complexity_features": {
            "constraint_tightness": 0.8537499904632568,
            "problem_complexity": 4.800724029541016
        },
        "decision_preferance": 0.0,
        "historical_metrics": {
            "previous_cost": 0.0,
            "previous_coverage": 0.0,
            "previous_resource_utilization": 0.0,
            "previous_time": 0.0
        },
        "num_resource_types": 4,
        "num_resources": 800,
        "num_target_types": 5,
        "num_targets": 79,
        "resource_target_ratio": 10.0,
        "scenario_name": "scenario_22_T79_R800",
        "secondary_planning_features": {
            "is_secondary_planning": false,
            "original_target_count": 0,
            "target_change_ratio": 0.0
        },
        "statistical_features": {
            "cost_distribution": {
                "mean": 0.49498575925827026,
                "std_dev": 0.28496041893959045
            },
            "resource_capacity": {
                "mean": 37.625,
                "std_dev": 8.388049125671387
            },
            "target_distance": {
                "max": 0.2888599932193756,
                "mean": 0.16494964063167572,
                "min": 0.023908192291855812,
                "percentiles": [
                    0.11897106468677521,
                    0.1600937843322754,
                    0.2253824919462204
                ],
                "std_dev": 0.06775345653295517
            },
            "time_window": {
                "mean": 12.126582145690918,
                "percentiles": [
                    7.0,
                    12.0,
                    17.0
                ],
                "std_dev": 4.790198802947998
            }
        },
        "target_time_urgency": 0.8537499904632568,
        "topological_features": {
            "spatial_clustering": 0.8843437433242798,
            "target_density": 0.18614839017391205
        }
    },
    "scenario_name": "scenario_22_T79_R800",
    "timestamp": 17689858169005049
}