{
    "optimized_config": {
        "actual_performance": 0.0,
        "algorithm_name": "Greedy_Time",
        "computation_time": 0.0,
        "expected_performance": 0.0,
        "parameters": null
    },
    "recommended_algorithm": "Greedy_Time",
    "scenario_features": {
        "complexity_features": {
            "constraint_tightness": 0.12475000321865082,
            "problem_complexity": 4.313466548919678
        },
        "decision_preferance": 1.0,
        "historical_metrics": {
            "previous_cost": 0.0,
            "previous_coverage": 0.0,
            "previous_resource_utilization": 0.0,
            "previous_time": 0.0
        },
        "num_resource_types": 4,
        "num_resources": 490,
        "num_target_types": 5,
        "num_targets": 42,
        "resource_target_ratio": 11.0,
        "scenario_name": "scenario_59_T42_R490",
        "secondary_planning_features": {
            "is_secondary_planning": false,
            "original_target_count": 0,
            "target_change_ratio": 0.0
        },
        "statistical_features": {
            "cost_distribution": {
                "mean": 0.5069025754928589,
                "std_dev": 0.2949690818786621
            },
            "resource_capacity": {
                "mean": 37.85714340209961,
                "std_dev": 8.162878036499023
            },
            "target_distance": {
                "max": 0.28572139143943787,
                "mean": 0.1431288868188858,
                "min": 0.0207558274269104,
                "percentiles": [
                    0.08795292675495148,
                    0.14320121705532074,
                    0.19600465893745422
                ],
                "std_dev": 0.06802105158567429
            },
            "time_window": {
                "mean": 23.571428298950195,
                "percentiles": [
                    16.0,
                    22.0,
                    29.0
                ],
                "std_dev": 8.395415306091309
            }
        },
        "target_time_urgency": 0.12475000321865082,
        "topological_features": {
            "spatial_clustering": 0.8586696982383728,
            "target_density": 0.09981229156255722
        }
    },
    "scenario_name": "scenario_59_T42_R490",
    "timestamp": 17689858260253211
}