{
    "optimized_config": {
        "actual_performance": 0.0,
        "algorithm_name": "Greedy_Time",
        "computation_time": 0.0,
        "expected_performance": 0.0,
        "parameters": null
    },
    "recommended_algorithm": "Greedy_Time",
    "scenario_features": {
        "complexity_features": {
            "constraint_tightness": 0.831250011920929,
            "problem_complexity": 4.766420364379883
        },
        "decision_preferance": 0.0,
        "historical_metrics": {
            "previous_cost": 0.0,
            "previous_coverage": 0.0,
            "previous_resource_utilization": 0.0,
            "previous_time": 0.0
        },
        "num_resource_types": 4,
        "num_resources": 800,
        "num_target_types": 5,
        "num_targets": 73,
        "resource_target_ratio": 10.0,
        "scenario_name": "scenario_15_T73_R800",
        "secondary_planning_features": {
            "is_secondary_planning": false,
            "original_target_count": 0,
            "target_change_ratio": 0.0
        },
        "statistical_features": {
            "cost_distribution": {
                "mean": 0.49505114555358887,
                "std_dev": 0.28721094131469727
            },
            "resource_capacity": {
                "mean": 37.73749923706055,
                "std_dev": 8.231372833251953
            },
            "target_distance": {
                "max": 0.2828925848007202,
                "mean": 0.16597580909729004,
                "min": 0.034411825239658356,
                "percentiles": [
                    0.11606857180595398,
                    0.16709618270397186,
                    0.21828505396842957
                ],
                "std_dev": 0.06570760905742645
            },
            "time_window": {
                "mean": 12.616437911987305,
                "percentiles": [
                    9.0,
                    13.0,
                    17.0
                ],
                "std_dev": 4.582964897155762
            }
        },
        "target_time_urgency": 0.831250011920929,
        "topological_features": {
            "spatial_clustering": 0.8846164345741272,
            "target_density": 0.18145416676998138
        }
    },
    "scenario_name": "scenario_15_T73_R800",
    "timestamp": 17689858083470921
}