{
    "optimized_config": {
        "actual_performance": 0.0,
        "algorithm_name": "Exact_Time",
        "computation_time": 0.0,
        "expected_performance": 0.0,
        "parameters": null
    },
    "recommended_algorithm": "Exact_Time",
    "scenario_features": {
        "complexity_features": {
            "constraint_tightness": 0.8582500219345093,
            "problem_complexity": 3.476106643676758
        },
        "decision_preferance": 0.0,
        "historical_metrics": {
            "previous_cost": 0.0,
            "previous_coverage": 0.0,
            "previous_resource_utilization": 0.0,
            "previous_time": 0.0
        },
        "num_resource_types": 4,
        "num_resources": 187,
        "num_target_types": 5,
        "num_targets": 16,
        "resource_target_ratio": 11.0,
        "scenario_name": "scenario_72_T16_R187",
        "secondary_planning_features": {
            "is_secondary_planning": false,
            "original_target_count": 0,
            "target_change_ratio": 0.0
        },
        "statistical_features": {
            "cost_distribution": {
                "mean": 0.5250532627105713,
                "std_dev": 0.27431145310401917
            },
            "resource_capacity": {
                "mean": 36.89839553833008,
                "std_dev": 8.402024269104004
            },
            "target_distance": {
                "max": 0.2844559848308563,
                "mean": 0.15942420065402985,
                "min": 0.03388463333249092,
                "percentiles": [
                    0.10447116941213608,
                    0.16391611099243164,
                    0.2203197032213211
                ],
                "std_dev": 0.07478233426809311
            },
            "time_window": {
                "mean": 13.1875,
                "percentiles": [
                    9.0,
                    14.0,
                    18.0
                ],
                "std_dev": 4.333283424377441
            }
        },
        "target_time_urgency": 0.8582500219345093,
        "topological_features": {
            "spatial_clustering": 0.7666301131248474,
            "target_density": 0.05022810399532318
        }
    },
    "scenario_name": "scenario_72_T16_R187",
    "timestamp": 17689858328179282
}